f_menu,f_topic,f_ctype,f_buyers,anchor_n2,rank,rec_menu,rec_topic,rec_ctype,conf_pct,lift,pair_n,same_menu
2141,연애,타로,4062,2838,1,2141,연애,타로,15.6,3.03,443,1
2141,연애,타로,4062,2838,2,17212,연애,타로,12.9,7.76,367,0
2141,연애,타로,4062,2838,3,400,연애,타로,5.6,1.37,159,0
2141,연애,타로,4062,2838,4,2429,연애,타로,4.4,14.34,126,0
2141,연애,타로,4062,2838,5,49882,연애,?,3.3,6.63,93,0
43513,연애,사주,3763,2874,1,43612,연애,사주,11.8,24.65,338,0
43513,연애,사주,3763,2874,2,2141,연애,타로,4.6,0.9,133,0
43513,연애,사주,3763,2874,3,400,연애,타로,4.2,1.02,120,0
43513,연애,사주,3763,2874,4,42952,연애,사주,4.1,2.39,118,0
43513,연애,사주,3763,2874,5,43683,연애,사주,3.1,5.09,90,0
400,연애,타로,3727,3107,1,2236,연애,타로,16.8,11.63,523,0
400,연애,타로,3727,3107,2,400,연애,타로,14.9,3.65,463,1
400,연애,타로,3727,3107,3,2142,연애,타로,14.2,6.93,441,0
400,연애,타로,3727,3107,4,2141,연애,타로,7.5,1.46,234,0
400,연애,타로,3727,3107,5,18104,연애,타로,5.6,7.34,174,0
28894,연애,사주,3032,2281,1,400,연애,타로,13.4,3.29,306,0
28894,연애,사주,3032,2281,2,25978,연애,타로,7.1,7.31,163,0
28894,연애,사주,3032,2281,3,18270,연애,타로,5.0,7.57,114,0
28894,연애,사주,3032,2281,4,2142,연애,타로,5.0,2.44,114,0
28894,연애,사주,3032,2281,5,39332,연애,기타,3.9,31.15,88,0
42952,연애,사주,2693,2048,1,43513,연애,사주,5.5,2.79,112,0
42952,연애,사주,2693,2048,2,21964,연애,사주,3.5,1.96,71,0
42952,연애,사주,2693,2048,3,2505,연애,타로,3.4,1.59,70,0
42952,연애,사주,2693,2048,4,43117,연애,사주,3.3,2.67,68,0
42952,연애,사주,2693,2048,5,42952,연애,사주,3.0,1.76,62,1
21964,연애,사주,2263,1728,1,23878,연애,사주,4.1,3.57,70,0
21964,연애,사주,2263,1728,2,13663,연애,타로,3.7,2.13,64,0
21964,연애,사주,2263,1728,3,2141,연애,타로,3.6,0.71,63,0
21964,연애,사주,2263,1728,4,22360,결혼,사주,3.6,3.79,62,0
21964,연애,사주,2263,1728,5,42952,연애,사주,3.5,2.02,60,0
2166,연애,사주,2230,1463,1,1210,연애,타로,5.9,5.15,87,0
2166,연애,사주,2230,1463,2,27376,결혼,사주,5.3,6.3,78,0
2166,연애,사주,2230,1463,3,2166,연애,사주,4.9,3.93,71,1
2166,연애,사주,2230,1463,4,2141,연애,타로,4.1,0.8,60,0
2166,연애,사주,2230,1463,5,19304,결혼,사주,4.0,29.24,59,0
41402,연애,사주,2133,1697,1,41698,연애,사주,10.5,41.87,178,0
41402,연애,사주,2133,1697,2,40510,연애,사주,9.5,12.73,162,0
41402,연애,사주,2133,1697,3,2141,연애,타로,5.1,0.98,86,0
41402,연애,사주,2133,1697,4,43513,연애,사주,4.6,2.34,78,0
41402,연애,사주,2133,1697,5,41764,연애,사주,3.9,8.69,67,0
47704,연애,?,2015,1386,1,2141,연애,타로,5.1,0.98,70,0
47704,연애,?,2015,1386,2,49255,연애,?,4.1,4.55,57,0
47704,연애,?,2015,1386,3,50312,연애,사주,3.8,3.61,53,0
47704,연애,?,2015,1386,4,42952,연애,사주,3.3,1.93,46,0
47704,연애,?,2015,1386,5,43117,연애,사주,3.0,2.44,42,0
25978,연애,타로,1729,1344,1,400,연애,타로,14.4,3.54,194,0
25978,연애,타로,1729,1344,2,2142,연애,타로,8.8,4.29,118,0
25978,연애,타로,1729,1344,3,2141,연애,타로,6.0,1.17,81,0
25978,연애,타로,1729,1344,4,21151,연애,타로,6.0,48.06,80,0
25978,연애,타로,1729,1344,5,28894,연애,사주,5.7,3.63,77,0
2505,연애,타로,1709,1042,1,21140,연애,타로,10.7,61.54,111,0
2505,연애,타로,1709,1042,2,2141,연애,타로,9.7,1.88,101,0
2505,연애,타로,1709,1042,3,13663,연애,타로,5.4,3.1,56,0
2505,연애,타로,1709,1042,4,20320,연애,타로,4.6,13.75,48,0
2505,연애,타로,1709,1042,5,2505,연애,타로,3.6,1.65,37,1
43117,연애,사주,1675,1226,1,43513,연애,사주,5.7,2.91,70,0
43117,연애,사주,1675,1226,2,42952,연애,사주,4.3,2.52,53,0
43117,연애,사주,1675,1226,3,47704,연애,?,3.7,2.85,45,0
43117,연애,사주,1675,1226,4,21964,연애,사주,3.3,1.84,40,0
43117,연애,사주,1675,1226,5,2141,연애,타로,2.6,0.51,32,0
36509,연애,사주,1546,1199,1,33646,연애,사주,7.7,11.41,92,0
36509,연애,사주,1546,1199,2,28894,연애,사주,4.6,2.91,55,0
36509,연애,사주,1546,1199,3,21964,연애,사주,4.2,2.35,50,0
36509,연애,사주,1546,1199,4,2141,연애,타로,3.8,0.73,45,0
36509,연애,사주,1546,1199,5,400,연애,타로,3.2,0.78,38,0
33646,연애,사주,1449,993,1,21964,연애,사주,7.8,4.37,77,0
33646,연애,사주,1449,993,2,36509,연애,사주,7.3,12.6,72,0
33646,연애,사주,1449,993,3,23878,연애,사주,5.7,5.05,57,0
33646,연애,사주,1449,993,4,19192,결혼,사주,3.1,4.45,31,0
33646,연애,사주,1449,993,5,13663,연애,타로,3.1,1.8,31,0
27376,결혼,사주,1327,809,1,27376,결혼,사주,6.1,7.16,49,1
27376,결혼,사주,1327,809,2,1210,연애,타로,4.2,3.64,34,0
27376,결혼,사주,1327,809,3,2166,연애,사주,3.5,2.8,28,0
27376,결혼,사주,1327,809,4,26805,연애,사주,2.8,5.04,23,0
27376,결혼,사주,1327,809,5,43513,연애,사주,2.7,1.39,22,0
43216,총운,사주,1326,853,1,43513,연애,사주,9.3,4.72,79,0
43216,총운,사주,1326,853,2,42062,일반운세,사주,4.1,9.31,35,0
43216,총운,사주,1326,853,3,42952,연애,사주,4.1,2.39,35,0
43216,총운,사주,1326,853,4,2141,연애,타로,3.0,0.59,26,0
43216,총운,사주,1326,853,5,43216,총운,사주,3.0,3.74,26,1
17212,연애,타로,1308,1052,1,2141,연애,타로,17.9,3.47,188,0
17212,연애,타로,1308,1052,2,17212,연애,타로,11.3,6.79,119,1
17212,연애,타로,1308,1052,3,400,연애,타로,5.8,1.42,61,0
17212,연애,타로,1308,1052,4,20320,연애,타로,4.1,12.2,43,0
17212,연애,타로,1308,1052,5,2142,연애,타로,3.4,1.67,36,0
1210,연애,타로,1257,942,1,523,결혼,타로,21.5,30.81,203,0
1210,연애,타로,1257,942,2,2441,연애,타로,10.1,31.71,95,0
1210,연애,타로,1257,942,3,2141,연애,타로,7.7,1.5,73,0
1210,연애,타로,1257,942,4,1210,연애,타로,5.7,4.97,54,1
1210,연애,타로,1257,942,5,2263,연애,타로,3.7,17.37,35,0
19192,결혼,사주,1256,793,1,23878,연애,사주,5.0,4.44,40,0
19192,결혼,사주,1256,793,2,21964,연애,사주,5.0,2.84,40,0
19192,결혼,사주,1256,793,3,42952,연애,사주,4.2,2.42,33,0
19192,결혼,사주,1256,793,4,22360,결혼,사주,4.0,4.26,32,0
19192,결혼,사주,1256,793,5,49255,연애,?,3.7,4.05,29,0
22360,결혼,사주,1252,984,1,44273,기타,?,3.8,13.49,37,0
22360,결혼,사주,1252,984,2,13663,연애,타로,3.7,2.11,36,0
22360,결혼,사주,1252,984,3,21964,연애,사주,3.3,1.83,32,0
22360,결혼,사주,1252,984,4,2202,학업직업,사주,2.9,2.34,29,0
22360,결혼,사주,1252,984,5,23878,연애,사주,2.8,2.51,28,0
39091,연애,타로,1146,978,1,26242,연애,타로,16.1,55.91,157,0
39091,연애,타로,1146,978,2,400,연애,타로,15.7,3.86,154,0
39091,연애,타로,1146,978,3,2141,연애,타로,7.2,1.39,70,0
39091,연애,타로,1146,978,4,2142,연애,타로,5.5,2.7,54,0
39091,연애,타로,1146,978,5,28894,연애,사주,5.5,3.5,54,0
50312,연애,사주,1142,742,1,50344,연애,사주,11.7,95.76,87,0
50312,연애,사주,1142,742,2,47704,연애,?,5.9,4.6,44,0
50312,연애,사주,1142,742,3,2141,연애,타로,4.0,0.78,30,0
50312,연애,사주,1142,742,4,49255,연애,?,3.9,4.33,29,0
50312,연애,사주,1142,742,5,400,연애,타로,3.6,0.89,27,0
49255,연애,?,1114,775,1,42952,연애,사주,7.2,4.21,56,0
49255,연애,?,1114,775,2,47704,연애,?,5.8,4.51,45,0
49255,연애,?,1114,775,3,50312,연애,사주,5.8,5.49,45,0
49255,연애,?,1114,775,4,43117,연애,사주,4.8,3.84,37,0
49255,연애,?,1114,775,5,21799,연애,사주,3.0,6.53,23,0
13663,연애,타로,1071,827,1,2505,연애,타로,11.9,5.51,98,0
13663,연애,타로,1071,827,2,2141,연애,타로,10.9,2.11,90,0
13663,연애,타로,1071,827,3,2227,연애,타로,5.2,12.57,43,0
13663,연애,타로,1071,827,4,13663,연애,타로,3.4,1.95,28,1
13663,연애,타로,1071,827,5,23187,연애,타로,3.4,10.74,28,0
23878,연애,사주,1058,867,1,21964,연애,사주,5.0,2.8,43,0
23878,연애,사주,1058,867,2,22360,결혼,사주,3.8,4.02,33,0
23878,연애,사주,1058,867,3,24572,연애,사주,3.3,5.5,29,0
23878,연애,사주,1058,867,4,2505,연애,타로,3.1,1.45,27,0
23878,연애,사주,1058,867,5,33646,연애,사주,3.1,4.63,27,0
453,일반운세,사주,984,710,1,21964,연애,사주,4.1,2.3,29,0
453,일반운세,사주,984,710,2,20183,연애,사주,3.2,37.13,23,0
453,일반운세,사주,984,710,3,20054,일반운세,사주,3.1,47.86,22,0
453,일반운세,사주,984,710,4,20249,일반운세,사주,3.1,68.8,22,0
453,일반운세,사주,984,710,5,33556,총운,사주,2.8,8.7,20,0
30875,연애,사주,952,604,1,43513,연애,사주,6.1,3.12,37,0
30875,연애,사주,952,604,2,42952,연애,사주,5.1,2.99,31,0
30875,연애,사주,952,604,3,2166,연애,사주,3.8,3.09,23,0
30875,연애,사주,952,604,4,21964,연애,사주,3.8,2.15,23,0
30875,연애,사주,952,604,5,43117,연애,사주,3.3,2.66,20,0
40510,연애,사주,815,668,1,41402,연애,사주,9.1,10.76,61,0
40510,연애,사주,815,668,2,2505,연애,타로,8.4,3.9,56,0
40510,연애,사주,815,668,3,2141,연애,타로,6.0,1.16,40,0
40510,연애,사주,815,668,4,23882,연애,사주,4.8,46.0,32,0
40510,연애,사주,815,668,5,21964,연애,사주,4.3,2.45,29,0
2142,연애,타로,810,653,1,400,연애,타로,21.9,5.37,143,0
2142,연애,타로,810,653,2,2142,연애,타로,9.0,4.41,59,1
2142,연애,타로,810,653,3,2141,연애,타로,7.8,1.52,51,0
2142,연애,타로,810,653,4,18104,연애,타로,7.5,9.84,49,0
2142,연애,타로,810,653,5,2236,연애,타로,5.4,3.7,35,0
26805,연애,사주,807,541,1,26805,연애,사주,5.9,10.48,32,1
26805,연애,사주,807,541,2,2166,연애,사주,5.7,4.64,31,0
26805,연애,사주,807,541,3,27376,결혼,사주,3.5,4.15,19,0
26805,연애,사주,807,541,4,1210,연애,타로,3.5,3.04,19,0
26805,연애,사주,807,541,5,43513,연애,사주,3.1,1.6,17,0
55360,총운,사주,795,412,1,55723,연애,사주,6.6,9.62,27,0
55360,총운,사주,795,412,2,57670,연애,사주,3.6,7.72,15,0
55360,총운,사주,795,412,3,44276,기타,?,3.2,59.0,13,0
55360,총운,사주,795,412,4,2141,연애,타로,3.2,0.61,13,0
55360,총운,사주,795,412,5,2165,재물금전,사주,3.2,4.32,13,0
49816,연애,?,789,431,1,400,연애,타로,9.3,2.27,40,0
49816,연애,?,789,431,2,47935,연애,사주,7.7,22.86,33,0
49816,연애,?,789,431,3,49816,연애,?,7.2,10.06,31,1
49816,연애,?,789,431,4,47506,연애,사주,6.0,15.04,26,0
49816,연애,?,789,431,5,28894,연애,사주,5.3,3.39,23,0
2202,학업직업,사주,771,578,1,2165,재물금전,사주,8.5,11.61,49,0
2202,학업직업,사주,771,578,2,2202,학업직업,사주,7.4,5.91,43,1
2202,학업직업,사주,771,578,3,537,학업직업,타로,5.2,25.79,30,0
2202,학업직업,사주,771,578,4,18668,자기탐구,사주,3.6,10.8,21,0
2202,학업직업,사주,771,578,5,13663,연애,타로,2.6,1.5,15,0
55723,연애,사주,762,497,1,44273,기타,?,8.9,31.77,44,0
55723,연애,사주,762,497,2,2505,연애,타로,5.0,2.34,25,0
55723,연애,사주,762,497,3,59089,연애,?,4.4,15.49,22,0
55723,연애,사주,762,497,4,44274,기타,?,4.2,38.0,21,0
55723,연애,사주,762,497,5,57670,연애,사주,3.6,7.68,18,0
33556,총운,사주,752,502,1,36509,연애,사주,6.2,10.73,31,0
33556,총운,사주,752,502,2,2202,학업직업,사주,3.8,3.0,19,0
33556,총운,사주,752,502,3,33646,연애,사주,3.0,4.44,15,0
33556,총운,사주,752,502,4,43216,총운,사주,2.6,3.18,13,0
33556,총운,사주,752,502,5,13663,연애,타로,2.6,1.49,13,0
42392,연애,사주,721,601,1,44273,기타,?,10.5,37.62,63,0
42392,연애,사주,721,601,2,2505,연애,타로,6.8,3.17,41,0
42392,연애,사주,721,601,3,44274,기타,?,5.7,50.88,34,0
42392,연애,사주,721,601,4,43513,연애,사주,5.3,2.71,32,0
42392,연애,사주,721,601,5,23878,연애,사주,3.2,2.78,19,0
31435,연애,타로,691,580,1,2505,연애,타로,7.9,3.69,46,0
31435,연애,타로,691,580,2,2141,연애,타로,7.6,1.47,44,0
31435,연애,타로,691,580,3,31436,연애,타로,4.0,122.51,23,0
31435,연애,타로,691,580,4,13663,연애,타로,3.4,1.99,20,0
31435,연애,타로,691,580,5,21964,연애,사주,3.4,1.94,20,0
20974,재물금전,사주,689,437,1,20974,재물금전,사주,5.7,11.2,25,1
20974,재물금전,사주,689,437,2,2165,재물금전,사주,4.6,6.27,20,0
20974,재물금전,사주,689,437,3,22790,일반운세,사주,3.2,58.37,14,0
20974,재물금전,사주,689,437,4,20182,일반운세,사주,3.2,22.76,14,0
20974,재물금전,사주,689,437,5,43216,총운,사주,3.0,3.65,13,0
43683,연애,사주,666,507,1,43513,연애,사주,10.5,5.33,53,0
43683,연애,사주,666,507,2,42952,연애,사주,4.5,2.64,23,0
43683,연애,사주,666,507,3,2505,연애,타로,4.3,2.02,22,0
43683,연애,사주,666,507,4,43216,총운,사주,3.4,4.11,17,0
43683,연애,사주,666,507,5,43117,연애,사주,3.4,2.7,17,0
51565,연애,사주,658,468,1,50312,연애,사주,7.9,7.47,37,0
51565,연애,사주,658,468,2,2505,연애,타로,6.6,3.08,31,0
51565,연애,사주,658,468,3,2141,연애,타로,6.4,1.24,30,0
51565,연애,사주,658,468,4,13663,연애,타로,4.1,2.34,19,0
51565,연애,사주,658,468,5,55723,연애,사주,3.6,5.33,17,0
24572,연애,사주,649,511,1,21964,연애,사주,5.5,3.09,28,0
24572,연애,사주,649,511,2,13663,연애,타로,4.5,2.59,23,0
24572,연애,사주,649,511,3,23878,연애,사주,4.3,3.79,22,0
24572,연애,사주,649,511,4,2141,연애,타로,3.7,0.72,19,0
24572,연애,사주,649,511,5,2505,연애,타로,3.3,1.55,17,0
2328,연애,사주,612,429,1,23878,연애,사주,6.8,5.95,29,0
2328,연애,사주,612,429,2,21964,연애,사주,6.1,3.42,26,0
2328,연애,사주,612,429,3,20248,일반운세,사주,3.5,60.6,15,0
2328,연애,사주,612,429,4,22360,결혼,사주,3.3,3.45,14,0
2328,연애,사주,612,429,5,33646,연애,사주,3.0,4.5,13,0
47506,연애,사주,596,456,1,400,연애,타로,12.9,3.17,59,0
47506,연애,사주,596,456,2,2142,연애,타로,12.9,6.32,59,0
47506,연애,사주,596,456,3,28894,연애,사주,6.8,4.31,31,0
47506,연애,사주,596,456,4,49816,연애,?,4.8,6.75,22,0
47506,연애,사주,596,456,5,50312,연애,사주,4.2,3.94,19,0
43685,학업직업,사주,594,382,1,43683,연애,사주,8.6,14.05,33,0
43685,학업직업,사주,594,382,2,2202,학업직업,사주,8.1,6.44,31,0
43685,학업직업,사주,594,382,3,2425,학업직업,사주,6.5,24.47,25,0
43685,학업직업,사주,594,382,4,43684,재물금전,사주,4.7,26.36,18,0
43685,학업직업,사주,594,382,5,43216,총운,사주,4.2,5.14,16,0
18705,결혼,사주,581,385,1,21964,연애,사주,5.5,3.08,21,0
18705,결혼,사주,581,385,2,22360,결혼,사주,3.9,4.11,15,0
18705,결혼,사주,581,385,3,42952,연애,사주,3.6,2.12,14,0
18705,결혼,사주,581,385,4,43513,연애,사주,2.6,1.32,10,0
18705,결혼,사주,581,385,5,43216,총운,사주,2.6,3.19,10,0
28729,일반운세,사주,549,323,1,30282,일반운세,사주,7.7,109.99,25,0
28729,일반운세,사주,549,323,2,28729,일반운세,사주,7.1,37.2,23,1
28729,일반운세,사주,549,323,3,2202,학업직업,사주,6.5,5.16,21,0
28729,일반운세,사주,549,323,4,2165,재물금전,사주,4.6,6.36,15,0
28729,일반운세,사주,549,323,5,22360,결혼,사주,2.8,2.94,9,0
41764,연애,사주,529,401,1,41402,연애,사주,12.5,14.69,50,0
41764,연애,사주,529,401,2,40510,연애,사주,9.0,11.97,36,0
41764,연애,사주,529,401,3,2141,연애,타로,5.5,1.06,22,0
41764,연애,사주,529,401,4,21964,연애,사주,3.7,2.11,15,0
41764,연애,사주,529,401,5,43117,연애,사주,3.5,2.81,14,0
2165,재물금전,사주,528,294,1,2165,재물금전,사주,9.5,13.04,28,1
2165,재물금전,사주,528,294,2,2202,학업직업,사주,9.2,7.29,27,0
2165,재물금전,사주,528,294,3,20974,재물금전,사주,5.8,11.32,17,0
2165,재물금전,사주,528,294,4,2465,일반운세,사주,5.8,30.43,17,0
2165,재물금전,사주,528,294,5,2141,연애,타로,3.7,0.73,11,0
43686,총운,사주,518,320,1,43513,연애,사주,9.7,4.94,31,0
43686,총운,사주,518,320,2,43216,총운,사주,5.3,6.52,17,0
43686,총운,사주,518,320,3,42952,연애,사주,5.0,2.91,16,0
43686,총운,사주,518,320,4,41566,일반운세,사주,3.8,25.14,12,0
43686,총운,사주,518,320,5,42062,일반운세,사주,3.4,7.8,11,0
41368,총운,사주,515,334,1,43216,총운,사주,7.5,9.19,25,0
41368,총운,사주,515,334,2,26515,결혼,사주,6.9,97.86,23,0
41368,총운,사주,515,334,3,41402,연애,사주,3.9,4.59,13,0
41368,총운,사주,515,334,4,2202,학업직업,사주,2.7,2.14,9,0
41368,총운,사주,515,334,5,34636,가족자녀,사주,2.4,6.75,8,0
37705,연애,사주,506,405,1,400,연애,타로,9.1,2.24,37,0
37705,연애,사주,506,405,2,28894,연애,사주,8.4,5.33,34,0
37705,연애,사주,506,405,3,25978,연애,타로,5.9,6.06,24,0
37705,연애,사주,506,405,4,37871,연애,타로,5.2,175.44,21,0
37705,연애,사주,506,405,5,18270,연애,타로,4.7,7.11,19,0
25297,연애,사주,502,430,1,2141,연애,타로,9.8,1.9,42,0
25297,연애,사주,502,430,2,25297,연애,사주,6.5,13.61,28,1
25297,연애,사주,502,430,3,26214,연애,타로,3.7,9.02,16,0
25297,연애,사주,502,430,4,16426,연애,타로,3.7,8.93,16,0
25297,연애,사주,502,430,5,18639,연애,타로,3.0,12.86,13,0
2236,연애,타로,500,426,1,400,연애,타로,20.2,4.95,86,0
2236,연애,타로,500,426,2,2217,연애,타로,16.0,38.71,68,0
2236,연애,타로,500,426,3,2142,연애,타로,7.7,3.78,33,0
2236,연애,타로,500,426,4,2196,연애,타로,6.8,26.43,29,0
2236,연애,타로,500,426,5,16377,연애,타로,5.2,13.39,22,0
44899,가족자녀,타로,468,207,1,34636,가족자녀,사주,19.3,54.49,40,0
44899,가족자녀,타로,468,207,2,49519,가족자녀,?,10.6,55.12,22,0
44899,가족자녀,타로,468,207,3,46384,가족자녀,타로,7.7,93.09,16,0
44899,가족자녀,타로,468,207,4,51301,가족자녀,?,7.2,48.57,15,0
44899,가족자녀,타로,468,207,5,44899,가족자녀,타로,4.8,29.34,10,1
18270,연애,타로,465,402,1,400,연애,타로,20.4,5.0,82,0
18270,연애,타로,465,402,2,2142,연애,타로,7.7,3.77,31,0
18270,연애,타로,465,402,3,25978,연애,타로,6.0,6.1,24,0
18270,연애,타로,465,402,4,28894,연애,사주,5.2,3.31,21,0
18270,연애,타로,465,402,5,2141,연애,타로,4.7,0.92,19,0
47935,연애,사주,458,331,1,49816,연애,?,8.5,11.83,28,0
47935,연애,사주,458,331,2,400,연애,타로,8.2,2.0,27,0
47935,연애,사주,458,331,3,50312,연애,사주,6.3,5.99,21,0
47935,연애,사주,458,331,4,28894,연애,사주,6.0,3.83,20,0
47935,연애,사주,458,331,5,47935,연애,사주,5.7,17.14,19,1
21799,연애,사주,448,352,1,42952,연애,사주,6.5,3.81,23,0
21799,연애,사주,448,352,2,47704,연애,?,5.7,4.41,20,0
21799,연애,사주,448,352,3,2141,연애,타로,4.5,0.88,16,0
21799,연애,사주,448,352,4,43117,연애,사주,4.0,3.2,14,0
21799,연애,사주,448,352,5,2505,연애,타로,3.1,1.45,11,0
57670,연애,사주,436,254,1,55723,연애,사주,8.7,12.72,22,0
57670,연애,사주,436,254,2,57835,연애,사주,6.7,279.74,17,0
57670,연애,사주,436,254,3,55360,총운,사주,5.5,13.1,14,0
57670,연애,사주,436,254,4,2141,연애,타로,5.1,0.99,13,0
57670,연애,사주,436,254,5,57670,연애,사주,4.3,9.19,11,1
26502,결혼,사주,423,332,1,27376,결혼,사주,4.8,5.7,16,0
26502,결혼,사주,423,332,2,2166,연애,사주,4.5,3.66,15,0
26502,결혼,사주,423,332,3,21964,연애,사주,4.2,2.38,14,0
26502,결혼,사주,423,332,4,18705,결혼,사주,3.6,5.19,12,0
26502,결혼,사주,423,332,5,43513,연애,사주,3.3,1.69,11,0
49519,가족자녀,?,411,160,1,51301,가족자녀,?,25.6,171.77,41,0
49519,가족자녀,?,411,160,2,46384,가족자녀,타로,13.1,158.07,21,0
49519,가족자녀,?,411,160,3,44899,가족자녀,타로,8.8,53.14,14,0
49519,가족자녀,?,411,160,4,49519,가족자녀,?,7.5,38.9,12,1
49519,가족자녀,?,411,160,5,34636,가족자녀,사주,5.6,15.86,9,0
42660,연애,사주,384,255,1,43513,연애,사주,6.7,3.4,17,0
42660,연애,사주,384,255,2,2166,연애,사주,6.3,5.08,16,0
42660,연애,사주,384,255,3,27376,결혼,사주,6.3,7.42,16,0
42660,연애,사주,384,255,4,1210,연애,타로,5.1,4.42,13,0
42660,연애,사주,384,255,5,43117,연애,사주,3.5,2.84,9,0
45097,연애,사주,380,254,1,43513,연애,사주,11.4,5.82,29,0
45097,연애,사주,380,254,2,45097,연애,사주,7.9,26.39,20,1
45097,연애,사주,380,254,3,28894,연애,사주,7.1,4.5,18,0
45097,연애,사주,380,254,4,400,연애,타로,7.1,1.74,18,0
45097,연애,사주,380,254,5,25978,연애,타로,6.3,6.44,16,0
44108,연애,사주,372,284,1,43513,연애,사주,7.0,3.59,20,0
44108,연애,사주,372,284,2,13663,연애,타로,6.7,3.86,19,0
44108,연애,사주,372,284,3,2505,연애,타로,6.3,2.95,18,0
44108,연애,사주,372,284,4,42952,연애,사주,4.9,2.87,14,0
44108,연애,사주,372,284,5,21964,연애,사주,3.9,2.18,11,0
42062,일반운세,사주,368,258,1,43513,연애,사주,6.6,3.36,17,0
42062,일반운세,사주,368,258,2,43216,총운,사주,5.4,6.66,14,0
42062,일반운세,사주,368,258,3,2165,재물금전,사주,3.9,5.31,10,0
42062,일반운세,사주,368,258,4,43447,총운,타로,3.5,12.65,9,0
42062,일반운세,사주,368,258,5,43117,연애,사주,3.1,2.5,8,0
50014,총운,사주,357,235,1,49255,연애,?,7.7,8.48,18,0
50014,총운,사주,357,235,2,55360,총운,사주,6.8,16.18,16,0
50014,총운,사주,357,235,3,50312,연애,사주,6.0,5.63,14,0
50014,총운,사주,357,235,4,51565,연애,사주,3.8,10.43,9,0
50014,총운,사주,357,235,5,43447,총운,타로,3.4,12.34,8,0
16223,연애,타로,343,293,1,16446,연애,타로,22.2,131.36,65,0
16223,연애,타로,343,293,2,2505,연애,타로,13.7,6.35,40,0
16223,연애,타로,343,293,3,13663,연애,타로,8.2,4.72,24,0
16223,연애,타로,343,293,4,2141,연애,타로,4.4,0.86,13,0
16223,연애,타로,343,293,5,21964,연애,사주,2.0,1.15,6,0
34636,가족자녀,사주,342,207,1,34636,가족자녀,사주,9.2,25.88,19,1
34636,가족자녀,사주,342,207,2,44899,가족자녀,타로,7.7,46.94,16,0
34636,가족자녀,사주,342,207,3,2202,학업직업,사주,6.3,4.99,13,0
34636,가족자녀,사주,342,207,4,49519,가족자녀,?,4.8,25.06,10,0
34636,가족자녀,사주,342,207,5,42062,일반운세,사주,3.4,7.68,7,0
51301,가족자녀,?,332,117,1,49519,가족자녀,?,23.9,124.12,28,0
51301,가족자녀,?,332,117,2,34636,가족자녀,사주,10.3,28.92,12,0
51301,가족자녀,?,332,117,3,44899,가족자녀,타로,9.4,57.1,11,0
51301,가족자녀,?,332,117,4,51301,가족자녀,?,9.4,63.02,11,1
51301,가족자녀,?,332,117,5,55030,가족자녀,?,6.0,250.07,7,0
26214,연애,타로,331,280,1,2141,연애,타로,22.1,4.3,62,0
39852,연애,점성학,331,265,1,42952,연애,사주,6.0,3.52,16,0
26214,연애,타로,331,280,2,16426,연애,타로,3.6,8.57,10,0
39852,연애,점성학,331,265,2,24572,연애,사주,4.9,8.07,13,0
26214,연애,타로,331,280,3,21173,연애,타로,3.6,57.67,10,0
39852,연애,점성학,331,265,3,2141,연애,타로,4.5,0.88,12,0
26214,연애,타로,331,280,4,18648,연애,타로,3.2,6.88,9,0
39852,연애,점성학,331,265,4,43513,연애,사주,4.2,2.12,11,0
26214,연애,타로,331,280,5,21144,연애,타로,2.9,70.0,8,0
39852,연애,점성학,331,265,5,2505,연애,타로,4.2,1.93,11,0
42028,학업직업,사주,322,215,1,2202,학업직업,사주,9.8,7.75,21,0
42028,학업직업,사주,322,215,2,2425,학업직업,사주,7.4,27.83,16,0
42028,학업직업,사주,322,215,3,41764,연애,사주,5.6,12.28,12,0
42028,학업직업,사주,322,215,4,36510,학업직업,사주,5.1,39.95,11,0
42028,학업직업,사주,322,215,5,43685,학업직업,사주,4.7,17.04,10,0
18725,연애,진단,311,187,1,400,연애,타로,15.0,3.67,28,0
18725,연애,진단,311,187,2,18726,연애,진단,7.0,126.66,13,0
18725,연애,진단,311,187,3,2142,연애,타로,6.4,3.13,12,0
18725,연애,진단,311,187,4,28894,연애,사주,5.3,3.39,10,0
18725,연애,진단,311,187,5,18104,연애,타로,4.3,5.61,8,0
16426,연애,타로,310,287,1,16426,연애,타로,25.4,61.06,73,1
16426,연애,타로,310,287,2,2141,연애,타로,11.5,2.23,33,0
16426,연애,타로,310,287,3,20320,연애,타로,5.6,16.64,16,0
16426,연애,타로,310,287,4,19688,연애,타로,3.8,97.26,11,0
16426,연애,타로,310,287,5,26214,연애,타로,3.5,8.45,10,0
18646,연애,타로,309,262,1,2141,연애,타로,12.2,2.37,32,0
18646,연애,타로,309,262,2,17212,연애,타로,5.3,3.21,14,0
18646,연애,타로,309,262,3,2505,연애,타로,4.2,1.95,11,0
18646,연애,타로,309,262,4,1210,연애,타로,3.1,2.65,8,0
18646,연애,타로,309,262,5,2503,연애,타로,3.1,8.68,8,0
34575,결혼,사주,296,222,1,32788,연애,사주,22.1,227.29,49,0
34575,결혼,사주,296,222,2,42952,연애,사주,3.6,2.1,8,0
34575,결혼,사주,296,222,3,30875,연애,사주,3.6,11.85,8,0
34575,결혼,사주,296,222,4,27376,결혼,사주,2.7,3.2,6,0
34575,결혼,사주,296,222,5,26502,결혼,사주,2.3,5.56,5,0
43249,학업직업,사주,293,192,1,2202,학업직업,사주,10.4,8.27,20,0
43249,학업직업,사주,293,192,2,42952,연애,사주,4.2,2.43,8,0
43249,학업직업,사주,293,192,3,2165,재물금전,사주,4.2,5.7,8,0
43249,학업직업,사주,293,192,4,43513,연애,사주,3.6,1.86,7,0
43249,학업직업,사주,293,192,5,43216,총운,사주,3.1,3.84,6,0
21734,연애,타로,289,245,1,2141,연애,타로,7.3,1.43,18,0
21734,연애,타로,289,245,2,21734,연애,타로,5.3,23.86,13,1
21734,연애,타로,289,245,3,20320,연애,타로,4.9,14.62,12,0
21734,연애,타로,289,245,4,17212,연애,타로,4.1,2.45,10,0
21734,연애,타로,289,245,5,1210,연애,타로,3.7,3.18,9,0
43684,재물금전,사주,283,171,1,43216,총운,사주,11.1,13.64,19,0
43684,재물금전,사주,283,171,2,43683,연애,사주,7.6,12.36,13,0
43684,재물금전,사주,283,171,3,43684,재물금전,사주,7.0,39.26,12,1
43684,재물금전,사주,283,171,4,43685,학업직업,사주,5.8,21.42,10,0
43684,재물금전,사주,283,171,5,43686,총운,사주,5.3,20.0,9,0
48332,연애,?,274,216,1,47704,연애,?,7.4,5.75,16,0
48332,연애,?,274,216,2,13663,연애,타로,6.5,3.74,14,0
48332,연애,?,274,216,3,49255,연애,?,5.6,6.15,12,0
48332,연애,?,274,216,4,2505,연애,타로,4.2,1.94,9,0
48332,연애,?,274,216,5,2141,연애,타로,3.7,0.72,8,0
2273,자기탐구,점성학,271,205,1,2141,연애,타로,4.4,0.85,9,0
2273,자기탐구,점성학,271,205,2,13663,연애,타로,3.9,2.25,8,0
2273,자기탐구,점성학,271,205,3,19324,자기탐구,사주,3.4,16.85,7,0
2273,자기탐구,점성학,271,205,4,2273,자기탐구,점성학,3.4,13.4,7,1
2273,자기탐구,점성학,271,205,5,2505,연애,타로,3.4,1.59,7,0
42029,재물금전,사주,270,149,1,41764,연애,사주,6.7,14.76,10,0
42029,재물금전,사주,270,149,2,20974,재물금전,사주,6.0,11.82,9,0
42029,재물금전,사주,270,149,3,2165,재물금전,사주,5.4,7.35,8,0
42029,재물금전,사주,270,149,4,43249,학업직업,사주,4.0,17.55,6,0
42029,재물금전,사주,270,149,5,2202,학업직업,사주,4.0,3.2,6,0
2425,학업직업,사주,263,136,1,2155,학업직업,타로,14.7,78.57,20,0
2425,학업직업,사주,263,136,2,2250,학업직업,타로,14.7,121.5,20,0
2425,학업직업,사주,263,136,3,536,학업직업,타로,5.1,25.94,7,0
2425,학업직업,사주,263,136,4,2422,일반운세,사주,4.4,20.09,6,0
2425,학업직업,사주,263,136,5,2202,학업직업,사주,2.9,2.34,4,0
24509,연애,사주,243,181,1,21964,연애,사주,7.2,4.05,13,0
24509,연애,사주,243,181,2,2166,연애,사주,3.9,3.13,7,0
24509,연애,사주,243,181,3,13663,연애,타로,3.3,1.91,6,0
24509,연애,사주,243,181,4,2141,연애,타로,2.8,0.54,5,0
24509,연애,사주,243,181,5,42952,연애,사주,2.8,1.61,5,0
18104,연애,타로,239,189,1,400,연애,타로,50.3,12.32,95,0
18104,연애,타로,239,189,2,2142,연애,타로,7.9,3.88,15,0
18104,연애,타로,239,189,3,2151,연애,타로,6.3,29.68,12,0
18104,연애,타로,239,189,4,2217,연애,타로,4.8,11.55,9,0
18104,연애,타로,239,189,5,2141,연애,타로,2.1,0.41,4,0
48892,결혼,?,231,135,1,47704,연애,?,6.7,5.18,9,0
48892,결혼,?,231,135,2,27376,결혼,사주,5.9,7.01,8,0
48892,결혼,?,231,135,3,49255,연애,?,5.9,6.56,8,0
48892,결혼,?,231,135,4,2141,연애,타로,5.2,1.01,7,0
48892,결혼,?,231,135,5,1210,연애,타로,4.4,3.85,6,0
36510,학업직업,사주,225,159,1,2202,학업직업,사주,7.5,5.99,12,0
52621,결혼,?,225,148,1,49255,연애,?,7.4,8.23,11,0
36510,학업직업,사주,225,159,2,2425,학업직업,사주,6.9,25.87,11,0
52621,결혼,?,225,148,2,50312,연애,사주,6.8,6.38,10,0
36510,학업직업,사주,225,159,3,36509,연애,사주,6.9,12.02,11,0
52621,결혼,?,225,148,3,47704,연애,?,5.4,4.2,8,0
36510,학업직업,사주,225,159,4,2422,일반운세,사주,3.8,17.19,6,0
52621,결혼,?,225,148,4,22360,결혼,사주,4.1,4.28,6,0
36510,학업직업,사주,225,159,5,42028,학업직업,사주,3.1,22.8,5,0
52621,결혼,?,225,148,5,27376,결혼,사주,4.1,4.79,6,0
49882,연애,?,224,181,1,2141,연애,타로,18.2,3.54,33,0
49882,연애,?,224,181,2,49882,연애,?,9.9,20.13,18,1
49882,연애,?,224,181,3,1210,연애,타로,6.1,5.27,11,0
49882,연애,?,224,181,4,17212,연애,타로,3.9,2.32,7,0
49882,연애,?,224,181,5,400,연애,타로,3.9,0.95,7,0
18570,일반운세,사주,222,153,1,2202,학업직업,사주,8.5,6.75,13,0
18570,일반운세,사주,222,153,2,2165,재물금전,사주,5.2,7.16,8,0
18570,일반운세,사주,222,153,3,18570,일반운세,사주,3.9,26.04,6,1
18570,일반운세,사주,222,153,4,43216,총운,사주,3.3,4.01,5,0
18570,일반운세,사주,222,153,5,20347,연애,사주,3.3,9.04,5,0
30940,연애,타로,218,185,1,30941,연애,타로,8.1,384.08,15,0
30940,연애,타로,218,185,2,2141,연애,타로,8.1,1.57,15,0
30940,연애,타로,218,185,3,2366,연애,타로,4.3,14.36,8,0
30940,연애,타로,218,185,4,2166,연애,사주,3.2,2.63,6,0
30940,연애,타로,218,185,5,43513,연애,사주,2.7,1.38,5,0
56648,연애,?,213,140,1,54701,결혼,?,25.7,139.48,36,0
56648,연애,?,213,140,2,400,연애,타로,10.0,2.45,14,0
56648,연애,?,213,140,3,2141,연애,타로,7.1,1.39,10,0
56648,연애,?,213,140,4,49816,연애,?,7.1,9.99,10,0
56648,연애,?,213,140,5,2142,연애,타로,6.4,3.14,9,0
35701,연애,사주,203,155,1,2141,연애,타로,9.0,1.75,14,0
35701,연애,사주,203,155,2,21964,연애,사주,5.8,3.27,9,0
35701,연애,사주,203,155,3,13663,연애,타로,4.5,2.6,7,0
35701,연애,사주,203,155,4,36509,연애,사주,4.5,7.85,7,0
35701,연애,사주,203,155,5,41402,연애,사주,2.6,3.04,4,0
16378,연애,타로,197,174,1,20320,연애,타로,21.8,65.2,38,0
16378,연애,타로,197,174,2,2141,연애,타로,17.2,3.35,30,0
16378,연애,타로,197,174,3,16378,연애,타로,9.8,41.08,17,1
16378,연애,타로,197,174,4,26214,연애,타로,4.0,9.76,7,0
16378,연애,타로,197,174,5,18639,연애,타로,3.4,14.67,6,0
2366,연애,타로,192,151,1,2170,연애,타로,33.8,205.12,51,0
2366,연애,타로,192,151,2,2366,연애,타로,4.6,15.39,7,1
2366,연애,타로,192,151,3,2141,연애,타로,4.0,0.77,6,0
2366,연애,타로,192,151,4,1210,연애,타로,4.0,3.44,6,0
2366,연애,타로,192,151,5,400,연애,타로,4.0,0.97,6,0
18648,연애,타로,191,135,1,2141,연애,타로,21.5,4.17,29,0
18648,연애,타로,191,135,2,17212,연애,타로,8.1,4.89,11,0
18648,연애,타로,191,135,3,2449,연애,타로,8.1,48.25,11,0
18648,연애,타로,191,135,4,18646,연애,타로,5.2,17.97,7,0
18648,연애,타로,191,135,5,23222,연애,타로,5.2,20.82,7,0
32365,일반운세,사주,185,129,1,2141,연애,타로,3.9,0.75,5,0
32365,일반운세,사주,185,129,2,24175,연애,사주,3.9,42.37,5,0
32365,일반운세,사주,185,129,3,33556,총운,사주,3.9,11.97,5,0
32365,일반운세,사주,185,129,4,20974,재물금전,사주,3.1,6.07,4,0
32365,일반운세,사주,185,129,5,21964,연애,사주,3.1,1.75,4,0
26893,일반운세,사주,179,105,1,26893,일반운세,사주,8.6,17.4,9,1
26893,일반운세,사주,179,105,2,2202,학업직업,사주,6.7,5.29,7,0
26893,일반운세,사주,179,105,3,18668,자기탐구,사주,5.7,16.99,6,0
26893,일반운세,사주,179,105,4,25297,연애,사주,4.8,9.95,5,0
26893,일반운세,사주,179,105,5,2219,일반운세,타로,4.8,17.9,5,0
42031,총운,사주,178,102,1,41368,총운,사주,9.8,32.1,10,0
42031,총운,사주,178,102,2,43216,총운,사주,5.9,7.22,6,0
42031,총운,사주,178,102,3,41402,연애,사주,4.9,5.78,5,0
42031,총운,사주,178,102,4,43686,총운,사주,3.9,14.9,4,0
42031,총운,사주,178,102,5,25454,일반운세,사주,3.9,26.79,4,0
41074,연애,타로,177,145,1,26245,연애,타로,10.3,350.02,15,0
41074,연애,타로,177,145,2,43513,연애,사주,4.8,2.46,7,0
41074,연애,타로,177,145,3,13663,연애,타로,4.8,2.78,7,0
41074,연애,타로,177,145,4,2505,연애,타로,4.1,1.92,6,0
41074,연애,타로,177,145,5,26243,연애,타로,4.1,367.53,6,0
42754,연애,타로,173,141,1,400,연애,타로,10.6,2.61,15,0
57769,연애,?,173,108,1,57670,연애,사주,10.2,21.6,11,0
42754,연애,타로,173,141,2,2142,연애,타로,10.6,5.2,15,0
57769,연애,?,173,108,2,57439,연애,사주,8.3,59.21,9,0
42754,연애,타로,173,141,3,28894,연애,사주,5.7,3.6,8,0
57769,연애,?,173,108,3,2141,연애,타로,6.5,1.26,7,0
42754,연애,타로,173,141,4,18270,연애,타로,5.7,8.6,8,0
57769,연애,?,173,108,4,47704,연애,?,4.6,3.6,5,0
42754,연애,타로,173,141,5,39091,연애,타로,4.3,5.51,6,0
57769,연애,?,173,108,5,59089,연애,?,3.7,12.96,4,0
18142,연애,타로,172,151,1,18105,연애,타로,30.5,158.0,46,0
18142,연애,타로,172,151,2,2141,연애,타로,9.9,1.93,15,0
18142,연애,타로,172,151,3,13663,연애,타로,7.3,4.2,11,0
18142,연애,타로,172,151,4,2505,연애,타로,4.0,1.85,6,0
18142,연애,타로,172,151,5,16223,연애,타로,2.6,10.34,4,0
20320,연애,타로,169,112,1,2141,연애,타로,12.5,2.43,14,0
20320,연애,타로,169,112,2,21144,연애,타로,8.9,218.77,10,0
20320,연애,타로,169,112,3,21964,연애,사주,4.5,2.52,5,0
20320,연애,타로,169,112,4,400,연애,타로,3.6,0.88,4,0
20320,연애,타로,169,112,5,17212,연애,타로,2.7,1.61,3,0
57439,연애,사주,168,101,1,57670,연애,사주,9.9,21.0,10,0
57439,연애,사주,168,101,2,2505,연애,타로,5.9,2.76,6,0
57439,연애,사주,168,101,3,55360,총운,사주,5.0,11.76,5,0
57439,연애,사주,168,101,4,59089,연애,?,5.0,17.33,5,0
57439,연애,사주,168,101,5,26214,연애,타로,5.0,12.01,5,0
54668,결혼,?,165,114,1,54701,결혼,?,25.4,137.98,29,0
54668,결혼,?,165,114,2,2166,연애,사주,5.3,4.26,6,0
54668,결혼,?,165,114,3,56254,연애,?,4.4,103.88,5,0
54668,결혼,?,165,114,4,1210,연애,타로,3.5,3.04,4,0
54668,결혼,?,165,114,5,2141,연애,타로,3.5,0.68,4,0
536,학업직업,타로,164,119,1,536,학업직업,타로,26.9,135.51,32,1
40708,연애,타로,164,141,1,26242,연애,타로,27.0,93.87,38,0
536,학업직업,타로,164,119,2,2425,학업직업,사주,10.1,37.71,12,0
40708,연애,타로,164,141,2,28894,연애,사주,7.8,4.95,11,0
536,학업직업,타로,164,119,3,2296,일반운세,타로,9.2,62.55,11,0
40708,연애,타로,164,141,3,26246,연애,타로,5.7,108.96,8,0
536,학업직업,타로,164,119,4,2422,일반운세,사주,4.2,19.14,5,0
40708,연애,타로,164,141,4,39091,연애,타로,4.3,5.51,6,0
536,학업직업,타로,164,119,5,537,학업직업,타로,2.5,12.53,3,0
40708,연애,타로,164,141,5,25978,연애,타로,3.5,3.63,5,0
50773,학업직업,사주,162,99,1,536,학업직업,타로,9.1,45.81,9,0
50773,학업직업,사주,162,99,2,2425,학업직업,사주,9.1,34.0,9,0
50773,학업직업,사주,162,99,3,23089,재물금전,사주,6.1,110.42,6,0
50773,학업직업,사주,162,99,4,50014,총운,사주,6.1,23.28,6,0
50773,학업직업,사주,162,99,5,538,학업직업,타로,6.1,55.93,6,0
26182,일반운세,사주,160,102,1,20974,재물금전,사주,5.9,11.51,6,0
26182,일반운세,사주,160,102,2,55360,총운,사주,4.9,11.65,5,0
26182,일반운세,사주,160,102,3,2141,연애,타로,2.9,0.57,3,0
26182,일반운세,사주,160,102,4,43249,학업직업,사주,2.9,12.82,3,0
26182,일반운세,사주,160,102,5,19192,결혼,사주,2.9,4.19,3,0
523,결혼,타로,159,115,1,1210,연애,타로,16.5,14.32,19,0
523,결혼,타로,159,115,2,2441,연애,타로,6.1,19.14,7,0
523,결혼,타로,159,115,3,523,결혼,타로,6.1,8.7,7,1
523,결혼,타로,159,115,4,2253,결혼,타로,6.1,98.3,7,0
523,결혼,타로,159,115,5,2343,일반운세,타로,5.2,41.65,6,0
56516,학업직업,사주,156,74,1,58462,학업직업,사주,8.1,151.61,6,0
56516,학업직업,사주,156,74,2,57373,재물금전,?,6.8,96.02,5,0
56516,학업직업,사주,156,74,3,56516,학업직업,사주,6.8,40.69,5,1
56516,학업직업,사주,156,74,4,2425,학업직업,사주,4.1,15.16,3,0
56516,학업직업,사주,156,74,5,2202,학업직업,사주,4.1,3.22,3,0
23086,연애,타로,155,137,1,2141,연애,타로,5.1,0.99,7,0
25454,일반운세,사주,155,109,1,20974,재물금전,사주,6.4,12.57,7,0
23086,연애,타로,155,137,2,20320,연애,타로,3.6,10.9,5,0
25454,일반운세,사주,155,109,2,2165,재물금전,사주,6.4,8.79,7,0
23086,연애,타로,155,137,3,21140,연애,타로,3.6,21.08,5,0
25454,일반운세,사주,155,109,3,2202,학업직업,사주,3.7,2.91,4,0
23086,연애,타로,155,137,4,21144,연애,타로,3.6,89.42,5,0
25454,일반운세,사주,155,109,4,39335,재물금전,사주,3.7,651.88,4,0
23086,연애,타로,155,137,5,21964,연애,사주,2.9,1.65,4,0
25454,일반운세,사주,155,109,5,43216,총운,사주,2.8,3.38,3,0
18502,연애,타로,150,92,1,2166,연애,사주,6.5,5.28,6,0
39421,결혼,사주,150,124,1,2166,연애,사주,10.5,8.49,13,0
18502,연애,타로,150,92,2,1210,연애,타로,5.4,4.71,5,0
39421,결혼,사주,150,124,2,27376,결혼,사주,8.1,9.53,10,0
18502,연애,타로,150,92,3,27376,결혼,사주,4.3,5.14,4,0
39421,결혼,사주,150,124,3,23882,연애,사주,6.5,61.95,8,0
18502,연애,타로,150,92,4,48892,결혼,?,4.3,24.91,4,0
39421,결혼,사주,150,124,4,24648,연애,사주,6.5,416.74,8,0
18502,연애,타로,150,92,5,2141,연애,타로,4.3,0.84,4,0
39421,결혼,사주,150,124,5,21964,연애,사주,3.2,1.82,4,0
2227,연애,타로,147,100,1,2141,연애,타로,8.0,1.55,8,0
18467,연애,타로,147,132,1,2141,연애,타로,25.0,4.85,33,0
2227,연애,타로,147,100,2,13663,연애,타로,8.0,4.61,8,0
18467,연애,타로,147,132,2,17212,연애,타로,15.2,9.09,20,0
2227,연애,타로,147,100,3,23187,연애,타로,6.0,19.03,6,0
18467,연애,타로,147,132,3,16378,연애,타로,3.8,15.93,5,0
2227,연애,타로,147,100,4,2505,연애,타로,6.0,2.79,6,0
18467,연애,타로,147,132,4,400,연애,타로,3.8,0.93,5,0
2227,연애,타로,147,100,5,2227,연애,타로,5.0,12.08,5,1
18467,연애,타로,147,132,5,2445,연애,타로,3.0,16.44,4,0
2503,연애,타로,144,135,1,2503,연애,타로,35.6,101.06,48,1
2503,연애,타로,144,135,2,2141,연애,타로,14.8,2.88,20,0
2503,연애,타로,144,135,3,18648,연애,타로,5.9,12.68,8,0
2503,연애,타로,144,135,4,2363,연애,타로,5.2,47.24,7,0
2503,연애,타로,144,135,5,18646,연애,타로,4.4,15.4,6,0
23088,연애,사주,136,90,1,2141,연애,타로,26.7,5.18,24,0
23088,연애,사주,136,90,2,23088,연애,사주,11.1,40.7,10,1
23088,연애,사주,136,90,3,26893,일반운세,사주,4.4,9.02,4,0
23088,연애,사주,136,90,4,2449,연애,타로,4.4,26.32,4,0
23088,연애,사주,136,90,5,2445,연애,타로,3.3,18.08,3,0
18668,자기탐구,사주,135,91,1,18702,일반운세,사주,9.9,65.68,9,0
18668,자기탐구,사주,135,91,2,26893,일반운세,사주,8.8,17.85,8,0
18668,자기탐구,사주,135,91,3,18668,자기탐구,사주,6.6,19.6,6,1
18668,자기탐구,사주,135,91,4,2202,학업직업,사주,4.4,3.49,4,0
18668,자기탐구,사주,135,91,5,18659,일반운세,사주,4.4,41.64,4,0
2217,연애,타로,131,99,1,400,연애,타로,21.2,5.2,21,0
2217,연애,타로,131,99,2,2142,연애,타로,7.1,3.45,7,0
2217,연애,타로,131,99,3,2196,연애,타로,6.1,23.53,6,0
2217,연애,타로,131,99,4,18104,연애,타로,6.1,7.95,6,0
2217,연애,타로,131,99,5,2141,연애,타로,5.1,0.98,5,0
2465,일반운세,사주,129,60,1,55360,총운,사주,11.7,27.72,7,0
2465,일반운세,사주,129,60,2,2165,재물금전,사주,10.0,13.69,6,0
2465,일반운세,사주,129,60,3,50014,총운,사주,5.0,19.2,3,0
2465,일반운세,사주,129,60,4,537,학업직업,타로,5.0,24.84,3,0
2465,일반운세,사주,129,60,5,43685,학업직업,사주,3.3,12.21,2,0
18726,연애,진단,128,73,1,18725,연애,진단,15.1,71.38,11,0
22795,일반운세,사주,128,75,1,24308,일반운세,사주,17.3,821.08,13,0
45658,결혼,사주,128,83,1,45658,결혼,사주,4.8,45.66,4,1
18726,연애,진단,128,73,2,400,연애,타로,11.0,2.69,8,0
22795,일반운세,사주,128,75,2,22795,일반운세,사주,8.0,42.42,6,1
45658,결혼,사주,128,83,2,2166,연애,사주,3.6,2.93,3,0
18726,연애,진단,128,73,3,2142,연애,타로,8.2,4.01,6,0
22795,일반운세,사주,128,75,3,2217,연애,타로,2.7,6.47,2,0
45658,결혼,사주,128,83,3,47704,연애,?,3.6,2.81,3,0
18726,연애,진단,128,73,4,39091,연애,타로,5.5,7.09,4,0
22795,일반운세,사주,128,75,4,18668,자기탐구,사주,2.7,7.93,2,0
45658,결혼,사주,128,83,4,2141,연애,타로,3.6,0.7,3,0
18726,연애,진단,128,73,5,49816,연애,?,5.5,7.66,4,0
22795,일반운세,사주,128,75,5,2141,연애,타로,2.7,0.52,2,0
45658,결혼,사주,128,83,5,50312,연애,사주,3.6,3.42,3,0
2422,일반운세,사주,126,94,1,2422,일반운세,사주,25.5,116.29,24,1
2422,일반운세,사주,126,94,2,2165,재물금전,사주,5.3,7.28,5,0
2422,일반운세,사주,126,94,3,536,학업직업,타로,3.2,16.08,3,0
2422,일반운세,사주,126,94,4,2425,학업직업,사주,3.2,11.94,3,0
2422,일반운세,사주,126,94,5,400,연애,타로,2.1,0.52,2,0
18653,연애,타로,125,101,1,2505,연애,타로,11.9,5.52,12,0
18653,연애,타로,125,101,2,2141,연애,타로,10.9,2.11,11,0
18653,연애,타로,125,101,3,400,연애,타로,5.9,1.46,6,0
18653,연애,타로,125,101,4,2236,연애,타로,5.0,3.42,5,0
18653,연애,타로,125,101,5,2227,연애,타로,4.0,9.57,4,0
35527,연애,사주,124,81,1,1210,연애,타로,7.4,6.42,6,0
35527,연애,사주,124,81,2,2166,연애,사주,6.2,5.0,5,0
35527,연애,사주,124,81,3,35527,연애,사주,3.7,26.58,3,1
35527,연애,사주,124,81,4,43513,연애,사주,3.7,1.89,3,0
35527,연애,사주,124,81,5,43117,연애,사주,3.7,2.98,3,0
27178,연애,사주,123,85,1,22360,결혼,사주,4.7,4.97,4,0
27178,연애,사주,123,85,2,43117,연애,사주,4.7,3.79,4,0
27178,연애,사주,123,85,3,2505,연애,타로,4.7,2.19,4,0
27178,연애,사주,123,85,4,23882,연애,사주,4.7,45.19,4,0
27178,연애,사주,123,85,5,23878,연애,사주,4.7,4.14,4,0
2155,학업직업,타로,121,75,1,2155,학업직업,타로,16.0,85.48,12,1
20546,연애,타로,121,80,1,21964,연애,사주,6.2,3.52,5,0
2155,학업직업,타로,121,75,2,2248,학업직업,타로,16.0,236.85,12,0
20546,연애,타로,121,80,2,18142,연애,타로,5.0,15.72,4,0
2155,학업직업,타로,121,75,3,2250,학업직업,타로,14.7,121.18,11,0
20546,연애,타로,121,80,3,20317,연애,타로,5.0,88.82,4,0
2155,학업직업,타로,121,75,4,2425,학업직업,사주,10.7,39.89,8,0
20546,연애,타로,121,80,4,19688,연애,타로,3.8,95.16,3,0
2155,학업직업,타로,121,75,5,2141,연애,타로,4.0,0.78,3,0
20546,연애,타로,121,80,5,47704,연애,?,3.8,2.91,3,0
57010,연애,?,120,86,1,54701,결혼,?,17.4,94.61,15,0
57010,연애,?,120,86,2,57670,연애,사주,9.3,19.73,8,0
57010,연애,?,120,86,3,55723,연애,사주,5.8,8.54,5,0
57010,연애,?,120,86,4,2141,연애,타로,5.8,1.13,5,0
57010,연애,?,120,86,5,55360,총운,사주,4.7,11.05,4,0
40048,일반운세,사주,114,62,1,25338,연애,사주,8.1,110.2,5,0
41566,일반운세,사주,114,89,1,43216,총운,사주,5.6,6.89,5,0
40048,일반운세,사주,114,62,2,21964,연애,사주,4.8,2.73,3,0
41566,일반운세,사주,114,89,2,42952,연애,사주,4.5,2.62,4,0
40048,일반운세,사주,114,62,3,20974,재물금전,사주,4.8,9.47,3,0
41566,일반운세,사주,114,89,3,22063,연애,사주,3.4,37.42,3,0
40048,일반운세,사주,114,62,4,33556,총운,사주,4.8,14.95,3,0
41566,일반운세,사주,114,89,4,19192,결혼,사주,3.4,4.8,3,0
40048,일반운세,사주,114,62,5,400,연애,타로,3.2,0.79,2,0
41566,일반운세,사주,114,89,5,43685,학업직업,사주,3.4,12.35,3,0
19324,자기탐구,사주,113,83,1,2202,학업직업,사주,7.2,5.74,6,0
19324,자기탐구,사주,113,83,2,18668,자기탐구,사주,4.8,14.33,4,0
19324,자기탐구,사주,113,83,3,2141,연애,타로,4.8,0.94,4,0
19324,자기탐구,사주,113,83,4,22360,결혼,사주,3.6,3.82,3,0
19324,자기탐구,사주,113,83,5,2273,자기탐구,점성학,3.6,14.19,3,0
2303,연애,점성학,110,74,1,1210,연애,타로,14.9,12.88,11,0
2351,학업직업,타로,110,85,1,2202,학업직업,사주,12.9,10.27,11,0
36042,연애,사주,110,98,1,2166,연애,사주,7.1,5.79,7,0
2303,연애,점성학,110,74,2,2303,연애,점성학,12.2,51.75,9,1
2351,학업직업,타로,110,85,2,538,학업직업,타로,7.1,65.14,6,0
36042,연애,사주,110,98,2,2141,연애,타로,6.1,1.19,6,0
2303,연애,점성학,110,74,3,2273,자기탐구,점성학,10.8,42.44,8,0
2351,학업직업,타로,110,85,3,2296,일반운세,타로,5.9,39.81,5,0
36042,연애,사주,110,98,3,47704,연애,?,4.1,3.17,4,0
2303,연애,점성학,110,74,4,400,연애,타로,2.7,0.66,2,0
2351,학업직업,타로,110,85,4,16442,학업직업,타로,4.7,111.46,4,0
36042,연애,사주,110,98,4,26805,연애,사주,4.1,7.23,4,0
2303,연애,점성학,110,74,5,17212,연애,타로,2.7,1.62,2,0
2351,학업직업,타로,110,85,5,18705,결혼,사주,4.7,6.76,4,0
36042,연애,사주,110,98,5,25297,연애,사주,3.1,6.4,3,0
18639,연애,타로,109,97,1,2141,연애,타로,18.6,3.6,18,0
18639,연애,타로,109,97,2,16378,연애,타로,8.2,34.68,8,0
18639,연애,타로,109,97,3,17212,연애,타로,5.2,3.09,5,0
18639,연애,타로,109,97,4,18648,연애,타로,3.1,6.62,3,0
18639,연애,타로,109,97,5,2503,연애,타로,3.1,8.79,3,0
18144,연애,타로,108,90,1,2141,연애,타로,8.9,1.73,8,0
48463,연애,?,108,95,1,2505,연애,타로,8.4,3.92,8,0
18144,연애,타로,108,90,2,17212,연애,타로,4.4,2.67,4,0
48463,연애,?,108,95,2,2141,연애,타로,7.4,1.43,7,0
18144,연애,타로,108,90,3,23222,연애,타로,3.3,13.38,3,0
48463,연애,?,108,95,3,13663,연애,타로,5.3,3.03,5,0
18144,연애,타로,108,90,4,2231,일반운세,타로,3.3,197.38,3,0
48463,연애,?,108,95,4,55723,연애,사주,5.3,7.73,5,0
18144,연애,타로,108,90,5,18144,연애,타로,3.3,25.74,3,1
48463,연애,?,108,95,5,47704,연애,?,5.3,4.09,5,0
44371,연애,사주,107,84,1,44108,연애,사주,8.3,23.13,7,0
44371,연애,사주,107,84,2,43117,연애,사주,7.1,5.75,6,0
44371,연애,사주,107,84,3,2141,연애,타로,6.0,1.16,5,0
44371,연애,사주,107,84,4,43513,연애,사주,6.0,3.03,5,0
44371,연애,사주,107,84,5,18142,연애,타로,4.8,14.97,4,0
16377,연애,타로,106,91,1,2142,연애,타로,44.0,21.47,40,0
16377,연애,타로,106,91,2,400,연애,타로,8.8,2.15,8,0
16377,연애,타로,106,91,3,2236,연애,타로,5.5,3.8,5,0
16377,연애,타로,106,91,4,18270,연애,타로,4.4,6.66,4,0
16377,연애,타로,106,91,5,28894,연애,사주,3.3,2.09,3,0
23705,연애,타로,105,93,1,400,연애,타로,18.3,4.48,17,0
23705,연애,타로,105,93,2,2217,연애,타로,10.8,26.08,10,0
23705,연애,타로,105,93,3,2236,연애,타로,7.5,5.2,7,0
23705,연애,타로,105,93,4,18104,연애,타로,6.5,8.46,6,0
23705,연애,타로,105,93,5,2141,연애,타로,5.4,1.04,5,0
2272,일반운세,타로,104,70,1,2395,일반운세,타로,15.7,116.31,11,0
2441,연애,타로,104,80,1,1210,연애,타로,18.8,16.25,15,0
22164,학업직업,사주,104,78,1,20182,일반운세,사주,12.8,91.1,10,0
2272,일반운세,타로,104,70,2,2240,연애,타로,10.0,39.48,7,0
2441,연애,타로,104,80,2,2141,연애,타로,13.8,2.67,11,0
22164,학업직업,사주,104,78,2,20974,재물금전,사주,7.7,15.06,6,0
2272,일반운세,타로,104,70,3,2227,연애,타로,5.7,13.81,4,0
2441,연애,타로,104,80,3,523,결혼,타로,12.5,17.87,10,0
22164,학업직업,사주,104,78,3,24472,학업직업,사주,5.1,173.52,4,0
2272,일반운세,타로,104,70,4,2141,연애,타로,5.7,1.11,4,0
2441,연애,타로,104,80,4,2263,연애,타로,5.0,23.37,4,0
22164,학업직업,사주,104,78,4,2202,학업직업,사주,5.1,4.07,4,0
2272,일반운세,타로,104,70,5,13663,연애,타로,4.3,2.47,3,0
2441,연애,타로,104,80,5,2236,연애,타로,5.0,3.46,4,0
22164,학업직업,사주,104,78,5,34636,가족자녀,사주,3.8,10.84,3,0
26271,연애,사주,103,73,1,21964,연애,사주,9.6,5.41,7,0
43447,총운,타로,103,70,1,2141,연애,타로,5.7,1.11,4,0
26271,연애,사주,103,73,2,13663,연애,타로,5.5,3.16,4,0
43447,총운,타로,103,70,2,43216,총운,사주,5.7,7.01,4,0
26271,연애,사주,103,73,3,22063,연애,사주,5.5,60.83,4,0
43447,총운,타로,103,70,3,42952,연애,사주,5.7,3.33,4,0
26271,연애,사주,103,73,4,28894,연애,사주,4.1,2.61,3,0
43447,총운,타로,103,70,4,2505,연애,타로,4.3,1.99,3,0
26271,연애,사주,103,73,5,33646,연애,사주,4.1,6.11,3,0
43447,총운,타로,103,70,5,2165,재물금전,사주,4.3,5.87,3,0
23186,연애,타로,102,84,1,2141,연애,타로,28.6,5.55,24,0
23187,연애,타로,102,65,1,23187,연애,타로,12.3,39.04,8,1
23186,연애,타로,102,84,2,23186,연애,타로,7.1,41.26,6,1
23187,연애,타로,102,65,2,2141,연애,타로,10.8,2.09,7,0
23186,연애,타로,102,84,3,2445,연애,타로,7.1,38.74,6,0
23187,연애,타로,102,65,3,17212,연애,타로,6.2,3.69,4,0
23186,연애,타로,102,84,4,18648,연애,타로,4.8,10.19,4,0
23187,연애,타로,102,65,4,2227,연애,타로,6.2,14.87,4,0
23186,연애,타로,102,84,5,17212,연애,타로,3.6,2.14,3,0
23187,연애,타로,102,65,5,2505,연애,타로,4.6,2.15,3,0
32425,총운,사주,101,69,1,33556,총운,사주,7.2,22.39,5,0
32425,총운,사주,101,69,2,32425,총운,사주,5.8,73.56,4,1
32425,총운,사주,101,69,3,21964,연애,사주,5.8,3.27,4,0
32425,총운,사주,101,69,4,2141,연애,타로,4.3,0.84,3,0
32425,총운,사주,101,69,5,2165,재물금전,사주,2.9,3.97,2,0
21766,결혼,사주,100,74,1,27376,결혼,사주,13.5,15.98,10,0
21766,결혼,사주,100,74,2,2166,연애,사주,9.5,7.66,7,0
21766,결혼,사주,100,74,3,21766,결혼,사주,6.8,109.11,5,1
21766,결혼,사주,100,74,4,523,결혼,타로,5.4,7.73,4,0
21766,결혼,사주,100,74,5,18705,결혼,사주,2.7,3.88,2,0
2250,학업직업,타로,99,72,1,2250,학업직업,타로,18.1,149.18,13,1
26500,연애,사주,99,81,1,26515,결혼,사주,11.1,157.9,9,0
56416,연애,사주,99,65,1,55723,연애,사주,18.5,27.1,12,0
2250,학업직업,타로,99,72,2,2155,학업직업,타로,15.3,81.62,11,0
26500,연애,사주,99,81,2,24572,연애,사주,4.9,8.12,4,0
56416,연애,사주,99,65,2,43117,연애,사주,6.2,4.95,4,0
2250,학업직업,타로,99,72,3,2216,일반운세,타로,8.3,151.83,6,0
26500,연애,사주,99,81,3,13663,연애,타로,4.9,2.85,4,0
56416,연애,사주,99,65,3,2141,연애,타로,4.6,0.9,3,0
2250,학업직업,타로,99,72,4,2425,학업직업,사주,8.3,31.16,6,0
26500,연애,사주,99,81,4,2141,연애,타로,3.7,0.72,3,0
56416,연애,사주,99,65,4,42952,연애,사주,4.6,2.69,3,0
2250,학업직업,타로,99,72,5,2202,학업직업,사주,5.6,4.41,4,0
26500,연애,사주,99,81,5,400,연애,타로,3.7,0.91,3,0
56416,연애,사주,99,65,5,13663,연애,타로,4.6,2.66,3,0
39784,연애,타로,98,88,1,2141,연애,타로,17.0,3.31,15,0
50542,연애,사주,98,78,1,50312,연애,사주,14.1,13.33,11,0
39784,연애,타로,98,88,2,26242,연애,타로,9.1,31.66,8,0
50542,연애,사주,98,78,2,2141,연애,타로,5.1,1.0,4,0
39784,연애,타로,98,88,3,400,연애,타로,4.5,1.11,4,0
50542,연애,사주,98,78,3,51565,연애,사주,5.1,13.96,4,0
39784,연애,타로,98,88,4,39784,연애,타로,4.5,47.5,4,1
50542,연애,사주,98,78,4,47704,연애,?,3.8,2.99,3,0
39784,연애,타로,98,88,5,28894,연애,사주,4.5,2.88,4,0
50542,연애,사주,98,78,5,49255,연애,?,3.8,4.26,3,0
30282,일반운세,사주,95,56,1,28729,일반운세,사주,32.1,167.93,18,0
56614,총운,사주,95,30,1,55360,총운,사주,23.3,55.45,7,0
30282,일반운세,사주,95,56,2,2202,학업직업,사주,8.9,7.09,5,0
56614,총운,사주,95,30,2,47704,연애,?,10.0,7.77,3,0
30282,일반운세,사주,95,56,3,2166,연애,사주,3.6,2.89,2,0
56614,총운,사주,95,30,3,55195,일반운세,사주,6.7,77.66,2,0
30282,일반운세,사주,95,56,4,43249,학업직업,사주,3.6,15.57,2,0
56614,총운,사주,95,30,4,24870,연애,사주,3.3,94.74,1,0
30282,일반운세,사주,95,56,5,2165,재물금전,사주,3.6,4.89,2,0
56614,총운,사주,95,30,5,538,학업직업,타로,3.3,30.76,1,0
27706,연애,타로,94,71,1,23878,연애,사주,7.0,6.2,5,0
38469,가족자녀,타로,94,49,1,34636,가족자녀,사주,18.4,51.79,9,0
46384,가족자녀,타로,94,50,1,34636,가족자녀,사주,16.0,45.11,8,0
27706,연애,타로,94,71,2,23154,연애,타로,7.0,312.74,5,0
38469,가족자녀,타로,94,49,2,38469,가족자녀,타로,10.2,151.05,5,1
46384,가족자녀,타로,94,50,2,49519,가족자녀,?,12.0,62.24,6,0
27706,연애,타로,94,71,3,21964,연애,사주,4.2,2.38,3,0
38469,가족자녀,타로,94,49,3,39190,가족자녀,타로,10.2,906.31,5,0
46384,가족자녀,타로,94,50,3,2343,일반운세,타로,8.0,63.87,4,0
27706,연애,타로,94,71,4,22327,연애,타로,4.2,73.23,3,0
38469,가족자녀,타로,94,49,4,41402,연애,사주,6.1,7.21,3,0
46384,가족자녀,타로,94,50,4,51301,가족자녀,?,8.0,53.63,4,0
27706,연애,타로,94,71,5,2505,연애,타로,4.2,1.96,3,0
38469,가족자녀,타로,94,49,5,44899,가족자녀,타로,4.1,24.79,2,0
46384,가족자녀,타로,94,50,5,55030,가족자녀,?,6.0,250.78,3,0
38993,결혼,사주,93,71,1,27416,결혼,사주,5.6,363.92,4,0
38993,결혼,사주,93,71,2,1210,연애,타로,5.6,4.88,4,0
38993,결혼,사주,93,71,3,2166,연애,사주,5.6,4.56,4,0
38993,결혼,사주,93,71,4,19192,결혼,사주,4.2,6.02,3,0
38993,결혼,사주,93,71,5,18705,결혼,사주,4.2,6.07,3,0
24008,결혼,사주,92,74,1,32788,연애,사주,27.0,278.32,20,0
24008,결혼,사주,92,74,2,18705,결혼,사주,4.1,5.82,3,0
24008,결혼,사주,92,74,3,2165,재물금전,사주,4.1,5.55,3,0
24008,결혼,사주,92,74,4,2202,학업직업,사주,2.7,2.15,2,0
24008,결혼,사주,92,74,5,2505,연애,타로,2.7,1.26,2,0
2263,연애,타로,90,78,1,2141,연애,타로,38.5,7.46,30,0
2263,연애,타로,90,78,2,2441,연애,타로,6.4,20.15,5,0
2263,연애,타로,90,78,3,1210,연애,타로,5.1,4.44,4,0
2263,연애,타로,90,78,4,20348,연애,사주,3.8,19.52,3,0
2263,연애,타로,90,78,5,2263,연애,타로,3.8,17.98,3,1
2240,연애,타로,89,61,1,2265,연애,타로,19.7,125.93,12,0
20347,연애,사주,89,72,1,18705,결혼,사주,8.3,11.96,6,0
24175,연애,사주,89,64,1,40510,연애,사주,4.7,6.25,3,0
2240,연애,타로,89,61,2,17212,연애,타로,6.6,3.94,4,0
20347,연애,사주,89,72,2,21964,연애,사주,5.6,3.13,4,0
24175,연애,사주,89,64,2,2141,연애,타로,4.7,0.91,3,0
2240,연애,타로,89,61,3,2505,연애,타로,6.6,3.05,4,0
20347,연애,사주,89,72,3,2141,연애,타로,4.2,0.81,3,0
24175,연애,사주,89,64,3,21964,연애,사주,3.1,1.76,2,0
2240,연애,타로,89,61,4,2272,일반운세,타로,4.9,21.18,3,0
20347,연애,사주,89,72,4,20317,연애,타로,4.2,74.02,3,0
24175,연애,사주,89,64,4,26893,일반운세,사주,3.1,6.34,2,0
2240,연애,타로,89,61,5,2141,연애,타로,3.3,0.64,2,0
20347,연애,사주,89,72,5,20347,연애,사주,2.8,7.68,2,1
24175,연애,사주,89,64,5,2328,연애,사주,3.1,6.61,2,0
2128,연애,타로,88,69,1,2272,일반운세,타로,10.1,43.69,7,0
23222,연애,타로,88,70,1,2141,연애,타로,12.9,2.5,9,0
2128,연애,타로,88,69,2,400,연애,타로,7.2,1.78,5,0
23222,연애,타로,88,70,2,13663,연애,타로,7.1,4.12,5,0
2128,연애,타로,88,69,3,17212,연애,타로,5.8,3.48,4,0
23222,연애,타로,88,70,3,23222,연애,타로,5.7,22.94,4,1
2128,연애,타로,88,69,4,2240,연애,타로,5.8,22.88,4,0
23222,연애,타로,88,70,4,18646,연애,타로,5.7,19.81,4,0
2128,연애,타로,88,69,5,13663,연애,타로,5.8,3.34,4,0
23222,연애,타로,88,70,5,17212,연애,타로,4.3,2.57,3,0
2219,일반운세,타로,87,65,1,2240,연애,타로,23.1,91.1,15,0
2219,일반운세,타로,87,65,2,2505,연애,타로,10.8,5.01,7,0
2219,일반운세,타로,87,65,3,2141,연애,타로,7.7,1.49,5,0
2219,일반운세,타로,87,65,4,17212,연애,타로,4.6,2.77,3,0
2219,일반운세,타로,87,65,5,2283,일반운세,타로,4.6,88.63,3,0
34075,연애,사주,85,63,1,34075,연애,사주,12.7,173.52,8,1
34075,연애,사주,85,63,2,27376,결혼,사주,4.8,5.63,3,0
34075,연애,사주,85,63,3,2166,연애,사주,4.8,3.86,3,0
34075,연애,사주,85,63,4,26502,결혼,사주,4.8,11.75,3,0
34075,연애,사주,85,63,5,1210,연애,타로,4.8,4.13,3,0
2445,연애,타로,83,72,1,2141,연애,타로,13.9,2.7,10,0
11273,일반운세,타로,83,64,1,11273,일반운세,타로,10.9,90.37,7,1
19002,연애,타로,83,57,1,2142,연애,타로,15.8,7.71,9,0
2445,연애,타로,83,72,2,23186,연애,타로,5.6,32.09,4,0
11273,일반운세,타로,83,64,2,2141,연애,타로,6.2,1.21,4,0
19002,연애,타로,83,57,2,39091,연애,타로,10.5,13.62,6,0
2445,연애,타로,83,72,3,13663,연애,타로,5.6,3.2,4,0
11273,일반운세,타로,83,64,3,2366,연애,타로,4.7,15.56,3,0
19002,연애,타로,83,57,3,400,연애,타로,10.5,2.58,6,0
2445,연애,타로,83,72,4,18648,연애,타로,5.6,11.89,4,0
11273,일반운세,타로,83,64,4,13663,연애,타로,4.7,2.7,3,0
19002,연애,타로,83,57,4,18104,연애,타로,7.0,9.2,4,0
2445,연애,타로,83,72,5,23222,연애,타로,5.6,22.3,4,0
11273,일반운세,타로,83,64,5,18648,연애,타로,4.7,10.03,3,0
19002,연애,타로,83,57,5,45097,연애,사주,5.3,17.64,3,0
23883,연애,타로,82,55,1,21173,연애,타로,5.5,88.08,3,0
23883,연애,타로,82,55,2,2366,연애,타로,5.5,18.11,3,0
23883,연애,타로,82,55,3,43513,연애,사주,5.5,2.78,3,0
23883,연애,타로,82,55,4,18647,연애,타로,3.6,103.35,2,0
23883,연애,타로,82,55,5,47704,연애,?,3.6,2.82,2,0
30217,연애,타로,81,71,1,2141,연애,타로,15.5,3.01,11,0
30217,연애,타로,81,71,2,26214,연애,타로,8.5,20.49,6,0
30217,연애,타로,81,71,3,25297,연애,사주,7.0,14.72,5,0
30217,연애,타로,81,71,4,26245,연애,타로,5.6,190.62,4,0
30217,연애,타로,81,71,5,16378,연애,타로,4.2,17.77,3,0
20348,연애,사주,80,52,1,1210,연애,타로,23.1,20.0,12,0
55789,연애,?,80,51,1,54701,결혼,?,31.4,170.17,16,0
20348,연애,사주,80,52,2,20348,연애,사주,9.6,48.8,5,1
55789,연애,?,80,51,2,55789,연애,?,3.9,63.33,2,1
20348,연애,사주,80,52,3,2166,연애,사주,7.7,6.23,4,0
55789,연애,?,80,51,3,57769,연애,?,3.9,30.29,2,0
20348,연애,사주,80,52,4,2202,학업직업,사주,3.8,3.05,2,0
55789,연애,?,80,51,4,55360,총운,사주,3.9,9.32,2,0
20348,연애,사주,80,52,5,42660,연애,사주,3.8,13.46,2,0
55789,연애,?,80,51,5,49255,연애,?,3.9,4.34,2,0
2265,연애,타로,79,63,1,2141,연애,타로,9.5,1.85,6,0
23089,재물금전,사주,79,57,1,2425,학업직업,사주,10.5,39.37,6,0
2265,연애,타로,79,63,2,2240,연애,타로,7.9,31.33,5,0
23089,재물금전,사주,79,57,2,2155,학업직업,타로,5.3,28.12,3,0
2265,연애,타로,79,63,3,2454,연애,타로,7.9,225.57,5,0
23089,재물금전,사주,79,57,3,2351,학업직업,타로,3.5,23.08,2,0
2265,연애,타로,79,63,4,400,연애,타로,6.3,1.56,4,0
23089,재물금전,사주,79,57,4,49255,연애,?,3.5,3.88,2,0
2265,연애,타로,79,63,5,13663,연애,타로,6.3,3.66,4,0
23089,재물금전,사주,79,57,5,2250,학업직업,타로,3.5,28.99,2,0
24779,연애,타로,78,67,1,28894,연애,사주,10.4,6.63,7,0
24779,연애,타로,78,67,2,21151,연애,타로,9.0,72.31,6,0
24779,연애,타로,78,67,3,400,연애,타로,4.5,1.1,3,0
24779,연애,타로,78,67,4,2142,연애,타로,4.5,2.19,3,0
24779,연애,타로,78,67,5,39091,연애,타로,4.5,5.8,3,0
58165,연애,?,77,46,1,54701,결혼,?,26.1,141.5,12,0
58165,연애,?,77,46,2,2141,연애,타로,6.5,1.27,3,0
58165,연애,?,77,46,3,13663,연애,타로,6.5,3.76,3,0
58165,연애,?,77,46,4,55723,연애,사주,6.5,9.57,3,0
58165,연애,?,77,46,5,2505,연애,타로,4.3,2.02,2,0
2449,연애,타로,76,62,1,2141,연애,타로,16.1,3.13,10,0
24082,가족자녀,사주,76,48,1,24408,가족자녀,사주,33.3,1480.31,16,0
2449,연애,타로,76,62,2,18648,연애,타로,14.5,31.07,9,0
24082,가족자녀,사주,76,48,2,37773,가족자녀,사주,6.2,170.81,3,0
2449,연애,타로,76,62,3,2445,연애,타로,4.8,26.25,3,0
24082,가족자녀,사주,76,48,3,26646,가족자녀,사주,4.2,174.15,2,0
2449,연애,타로,76,62,4,23186,연애,타로,4.8,27.95,3,0
24082,가족자녀,사주,76,48,4,20974,재물금전,사주,4.2,8.16,2,0
2449,연애,타로,76,62,5,26214,연애,타로,4.8,11.73,3,0
24082,가족자녀,사주,76,48,5,34636,가족자녀,사주,4.2,11.75,2,0
21040,재물금전,사주,74,47,1,2165,재물금전,사주,14.9,20.39,7,0
36617,총운,사주,74,35,1,33646,연애,사주,11.4,16.99,4,0
41170,연애,타로,74,56,1,23153,연애,타로,28.6,615.19,16,0
21040,재물금전,사주,74,47,2,2202,학업직업,사주,10.6,8.45,5,0
36617,총운,사주,74,35,2,37442,자기탐구,사주,5.7,312.33,2,0
41170,연애,타로,74,56,2,23154,연애,타로,7.1,317.21,4,0
21040,재물금전,사주,74,47,3,25454,일반운세,사주,4.3,29.07,2,0
36617,총운,사주,74,35,3,33556,총운,사주,5.7,17.65,2,0
41170,연애,타로,74,56,3,31435,연애,타로,3.6,5.21,2,0
21040,재물금전,사주,74,47,4,41402,연애,사주,2.1,2.51,1,0
36617,총운,사주,74,35,4,41764,연애,사주,2.9,6.29,1,0
41170,연애,타로,74,56,4,42392,연애,사주,3.6,6.14,2,0
21040,재물금전,사주,74,47,5,40510,연애,사주,2.1,2.84,1,0
36617,총운,사주,74,35,5,36042,연애,사주,2.9,26.03,1,0
41170,연애,타로,74,56,5,2141,연애,타로,3.6,0.69,2,0
2429,연애,타로,73,50,1,2141,연애,타로,20.0,3.88,10,0
2429,연애,타로,73,50,2,18648,연애,타로,8.0,17.12,4,0
2429,연애,타로,73,50,3,18646,연애,타로,4.0,13.86,2,0
2429,연애,타로,73,50,4,1210,연애,타로,4.0,3.47,2,0
2429,연애,타로,73,50,5,2503,연애,타로,4.0,11.37,2,0
2395,일반운세,타로,71,46,1,2505,연애,타로,13.0,6.07,6,0
18933,일반운세,사주,71,38,1,23878,연애,사주,5.3,4.63,2,0
2395,일반운세,타로,71,46,2,2141,연애,타로,8.7,1.69,4,0
18933,일반운세,사주,71,38,2,22690,일반운세,사주,5.3,70.56,2,0
2395,일반운세,타로,71,46,3,400,연애,타로,6.5,1.6,3,0
18933,일반운세,사주,71,38,3,43249,학업직업,사주,5.3,22.94,2,0
2395,일반운세,타로,71,46,4,2395,일반운세,타로,4.3,32.18,2,1
18933,일반운세,사주,71,38,4,19192,결혼,사주,5.3,7.49,2,0
2395,일반운세,타로,71,46,5,13663,연애,타로,4.3,2.51,2,0
18933,일반운세,사주,71,38,5,43684,재물금전,사주,5.3,29.45,2,0
18105,연애,타로,70,55,1,2505,연애,타로,23.6,10.99,13,0
18105,연애,타로,70,55,2,20083,연애,타로,10.9,861.27,6,0
18105,연애,타로,70,55,3,2141,연애,타로,7.3,1.41,4,0
18105,연애,타로,70,55,4,18142,연애,타로,5.5,17.15,3,0
18105,연애,타로,70,55,5,13663,연애,타로,5.5,3.14,3,0
537,학업직업,타로,69,53,1,2202,학업직업,사주,22.6,17.98,12,0
2151,연애,타로,69,50,1,18104,연애,타로,10.0,13.11,5,0
2296,일반운세,타로,69,58,1,538,학업직업,타로,8.6,79.55,5,0
537,학업직업,타로,69,53,2,400,연애,타로,3.8,0.92,2,0
2151,연애,타로,69,50,2,2217,연애,타로,10.0,24.25,5,0
2296,일반운세,타로,69,58,2,2202,학업직업,사주,8.6,6.84,5,0
537,학업직업,타로,69,53,3,537,학업직업,타로,3.8,18.75,2,1
2151,연애,타로,69,50,3,2236,연애,타로,10.0,6.91,5,0
2296,일반운세,타로,69,58,3,2296,일반운세,타로,6.9,46.67,4,1
537,학업직업,타로,69,53,4,2141,연애,타로,3.8,0.73,2,0
2151,연애,타로,69,50,4,400,연애,타로,10.0,2.45,5,0
2296,일반운세,타로,69,58,4,2127,재물금전,타로,3.4,28.16,2,0
537,학업직업,타로,69,53,5,2296,일반운세,타로,3.8,25.54,2,0
2151,연애,타로,69,50,5,23705,연애,타로,6.0,22.09,3,0
2296,일반운세,타로,69,58,5,1210,연애,타로,3.4,2.99,2,0
57373,재물금전,?,68,33,1,54701,결혼,?,24.2,131.49,8,0
57373,재물금전,?,68,33,2,2505,연애,타로,6.1,2.82,2,0
57373,재물금전,?,68,33,3,56614,총운,사주,6.1,239.24,2,0
57373,재물금전,?,68,33,4,2165,재물금전,사주,6.1,8.3,2,0
57373,재물금전,?,68,33,5,31435,연애,타로,3.0,4.42,1,0
39553,자기탐구,사주,67,34,1,55723,연애,사주,8.8,12.95,3,0
39553,자기탐구,사주,67,34,2,2256,자기탐구,타로,8.8,348.31,3,0
39553,자기탐구,사주,67,34,3,43683,연애,사주,5.9,9.56,2,0
39553,자기탐구,사주,67,34,4,32425,총운,사주,2.9,37.32,1,0
39553,자기탐구,사주,67,34,5,24082,가족자녀,사주,2.9,77.4,1,0
56254,연애,?,66,36,1,54701,결혼,?,33.3,180.8,12,0
56254,연애,?,66,36,2,43117,연애,사주,5.6,4.47,2,0
56254,연애,?,66,36,3,55360,총운,사주,5.6,13.2,2,0
56254,연애,?,66,36,4,27376,결혼,사주,2.8,3.28,1,0
56254,연애,?,66,36,5,58528,연애,?,2.8,59.81,1,0
2127,재물금전,타로,63,44,1,2127,재물금전,타로,9.1,74.25,4,1
22690,일반운세,사주,63,47,1,20248,일반운세,사주,6.4,110.62,3,0
2127,재물금전,타로,63,44,2,2223,재물금전,타로,9.1,124.22,4,0
22690,일반운세,사주,63,47,2,55360,총운,사주,4.3,10.11,2,0
2127,재물금전,타로,63,44,3,23087,재물금전,사주,4.5,94.99,2,0
22690,일반운세,사주,63,47,3,18705,결혼,사주,4.3,6.11,2,0
2127,재물금전,타로,63,44,4,18301,일반운세,타로,4.5,76.9,2,0
22690,일반운세,사주,63,47,4,2202,학업직업,사주,4.3,3.38,2,0
2127,재물금전,타로,63,44,5,2296,일반운세,타로,4.5,30.76,2,0
22690,일반운세,사주,63,47,5,22064,일반운세,사주,4.3,167.98,2,0
49921,연애,?,62,37,1,2141,연애,타로,10.8,2.1,4,0
55195,일반운세,사주,62,32,1,2141,연애,타로,6.2,1.21,2,0
49921,연애,?,62,37,2,49916,연애,?,5.4,349.16,2,0
55195,일반운세,사주,62,32,2,49255,연애,?,6.2,6.92,2,0
49921,연애,?,62,37,3,57769,연애,?,5.4,41.75,2,0
55195,일반운세,사주,62,32,3,55360,총운,사주,6.2,14.85,2,0
49921,연애,?,62,37,4,47935,연애,사주,5.4,16.14,2,0
55195,일반운세,사주,62,32,4,2295,일반운세,타로,3.1,555.12,1,0
49921,연애,?,62,37,5,49816,연애,?,5.4,7.56,2,0
55195,일반운세,사주,62,32,5,27376,결혼,사주,3.1,3.69,1,0
2326,연애,사주,61,45,1,2166,연애,사주,11.1,9.0,5,0
18702,일반운세,사주,61,50,1,2202,학업직업,사주,12.0,9.53,6,0
2326,연애,사주,61,45,2,2141,연애,타로,6.7,1.29,3,0
18702,일반운세,사주,61,50,2,18668,자기탐구,사주,8.0,23.78,4,0
2326,연애,사주,61,45,3,523,결혼,타로,4.4,6.35,2,0
18702,일반운세,사주,61,50,3,18702,일반운세,사주,8.0,53.13,4,1
2326,연애,사주,61,45,4,25297,연애,사주,4.4,9.29,2,0
18702,일반운세,사주,61,50,4,42952,연애,사주,4.0,2.33,2,0
2326,연애,사주,61,45,5,27376,결혼,사주,4.4,5.25,2,0
18702,일반운세,사주,61,50,5,28729,일반운세,사주,4.0,20.9,2,0
2343,일반운세,타로,60,33,1,523,결혼,타로,15.2,21.66,5,0
2343,일반운세,타로,60,33,2,2253,결혼,타로,12.1,195.74,4,0
2343,일반운세,타로,60,33,3,34636,가족자녀,사주,9.1,25.63,3,0
2343,일반운세,타로,60,33,4,27376,결혼,사주,3.0,3.58,1,0
2343,일반운세,타로,60,33,5,43216,총운,사주,3.0,3.72,1,0
37773,가족자녀,사주,59,42,1,37773,가족자녀,사주,21.4,585.62,9,1
37773,가족자녀,사주,59,42,2,24082,가족자녀,사주,9.5,250.63,4,0
37773,가족자녀,사주,59,42,3,26239,일반운세,사주,7.1,1691.79,3,0
37773,가족자녀,사주,59,42,4,21073,재물금전,사주,7.1,267.12,3,0
37773,가족자녀,사주,59,42,5,26646,가족자녀,사주,7.1,298.55,3,0
22327,연애,타로,58,44,1,21172,연애,타로,15.9,753.61,7,0
40180,결혼,사주,58,40,1,40180,결혼,사주,7.5,171.91,3,1
22327,연애,타로,58,44,2,23878,연애,사주,13.6,12.01,6,0
40180,결혼,사주,58,40,2,25750,일반운세,사주,7.5,1332.28,3,0
22327,연애,타로,58,44,3,22360,결혼,사주,6.8,7.2,3,0
40180,결혼,사주,58,40,3,26057,가족자녀,사주,7.5,1065.82,3,0
22327,연애,타로,58,44,4,47704,연애,?,4.5,3.53,2,0
40180,결혼,사주,58,40,4,2343,일반운세,타로,5.0,39.92,2,0
22327,연애,타로,58,44,5,21964,연애,사주,4.5,2.56,2,0
40180,결혼,사주,58,40,5,2165,재물금전,사주,5.0,6.85,2,0
538,학업직업,타로,57,35,1,2351,학업직업,타로,14.3,93.99,5,0
538,학업직업,타로,57,35,2,2202,학업직업,사주,11.4,9.07,4,0
538,학업직업,타로,57,35,3,2216,일반운세,타로,11.4,208.22,4,0
538,학업직업,타로,57,35,4,29884,학업직업,타로,8.6,553.68,3,0
538,학업직업,타로,57,35,5,18711,연애,사주,2.9,72.51,1,0
2418,결혼,사주,56,47,1,20248,일반운세,사주,6.4,110.62,3,0
17147,학업직업,타로,56,44,1,2250,학업직업,타로,22.7,187.78,10,0
2418,결혼,사주,56,47,2,27376,결혼,사주,6.4,7.55,3,0
17147,학업직업,타로,56,44,2,17147,학업직업,타로,15.9,289.85,7,1
2418,결혼,사주,56,47,3,13663,연애,타로,4.3,2.45,2,0
17147,학업직업,타로,56,44,3,2155,학업직업,타로,13.6,72.85,6,0
2418,결혼,사주,56,47,4,2328,연애,사주,4.3,9.0,2,0
17147,학업직업,타로,56,44,4,2248,학업직업,타로,9.1,134.57,4,0
2418,결혼,사주,56,47,5,26805,연애,사주,4.3,7.54,2,0
17147,학업직업,타로,56,44,5,41368,총운,사주,6.8,22.33,3,0
16816,일반운세,사주,54,38,1,18702,일반운세,사주,5.3,34.95,2,0
32529,연애,타로,54,40,1,23153,연애,타로,17.5,376.81,7,0
16816,일반운세,사주,54,38,2,28729,일반운세,사주,5.3,27.5,2,0
32529,연애,타로,54,40,2,23154,연애,타로,7.5,333.07,3,0
16816,일반운세,사주,54,38,3,2202,학업직업,사주,5.3,4.18,2,0
32529,연애,타로,54,40,3,33646,연애,사주,5.0,7.43,2,0
16816,일반운세,사주,54,38,4,23878,연애,사주,5.3,4.63,2,0
32529,연애,타로,54,40,4,2505,연애,타로,5.0,2.33,2,0
16816,일반운세,사주,54,38,5,28894,연애,사주,2.6,1.67,1,0
32529,연애,타로,54,40,5,41402,연애,사주,5.0,5.89,2,0
2428,자기탐구,사주,53,43,1,2203,자기탐구,사주,7.0,66.1,3,0
2428,자기탐구,사주,53,43,2,33646,연애,사주,7.0,10.37,3,0
2428,자기탐구,사주,53,43,3,18702,일반운세,사주,4.7,30.89,2,0
2428,자기탐구,사주,53,43,4,34636,가족자녀,사주,4.7,13.11,2,0
2428,자기탐구,사주,53,43,5,2328,연애,사주,4.7,9.84,2,0
21173,연애,타로,52,34,1,20317,연애,타로,14.7,261.23,5,0
21173,연애,타로,52,34,2,17212,연애,타로,11.8,7.06,4,0
21173,연애,타로,52,34,3,20320,연애,타로,5.9,17.56,2,0
21173,연애,타로,52,34,4,40510,연애,사주,5.9,7.84,2,0
21173,연애,타로,52,34,5,42952,연애,사주,2.9,1.71,1,0
22426,일반운세,사주,51,35,1,2366,연애,타로,8.6,28.46,3,0
22426,일반운세,사주,51,35,2,47704,연애,?,5.7,4.44,2,0
22426,일반운세,사주,51,35,3,18144,연애,타로,5.7,44.13,2,0
22426,일반운세,사주,51,35,4,36509,연애,사주,5.7,9.93,2,0
22426,일반운세,사주,51,35,5,43684,재물금전,사주,2.9,15.99,1,0
2170,연애,타로,50,40,1,2366,연애,타로,25.0,83.01,10,0
31336,일반운세,사주,50,36,1,43117,연애,사주,11.1,8.94,4,0
2170,연애,타로,50,40,2,1210,연애,타로,12.5,10.83,5,0
31336,일반운세,사주,50,36,2,25454,일반운세,사주,5.6,37.96,2,0
2170,연애,타로,50,40,3,2196,연애,타로,7.5,29.12,3,0
31336,일반운세,사주,50,36,3,23878,연애,사주,5.6,4.89,2,0
2170,연애,타로,50,40,4,23704,일반운세,타로,5.0,63.44,2,0
31336,일반운세,사주,50,36,4,27376,결혼,사주,5.6,6.57,2,0
2170,연애,타로,50,40,5,16379,연애,타로,2.5,31.16,1,0
31336,일반운세,사주,50,36,5,21964,연애,사주,5.6,3.13,2,0
2237,연애,타로,47,42,1,2151,연애,타로,11.9,55.65,5,0
16379,연애,타로,47,40,1,2141,연애,타로,22.5,4.37,9,0
24871,연애,타로,47,32,1,2141,연애,타로,9.4,1.82,3,0
2237,연애,타로,47,42,2,400,연애,타로,11.9,2.92,5,0
16379,연애,타로,47,40,2,17212,연애,타로,5.0,3.0,2,0
24871,연애,타로,47,32,2,523,결혼,타로,9.4,13.4,3,0
2237,연애,타로,47,42,3,2141,연애,타로,9.5,1.85,4,0
16379,연애,타로,47,40,3,16223,연애,타로,5.0,19.52,2,0
24871,연애,타로,47,32,3,18648,연애,타로,9.4,20.06,3,0
2237,연애,타로,47,42,4,18104,연애,타로,7.1,9.36,3,0
16379,연애,타로,47,40,4,23878,연애,사주,5.0,4.4,2,0
24871,연애,타로,47,32,4,2441,연애,타로,6.2,19.65,2,0
2237,연애,타로,47,42,5,1210,연애,타로,7.1,6.19,3,0
16379,연애,타로,47,40,5,2182,연애,타로,5.0,98.69,2,0
24871,연애,타로,47,32,5,42660,연애,사주,3.1,10.94,1,0
2203,자기탐구,사주,44,30,1,2202,학업직업,사주,13.3,10.59,4,0
2363,연애,타로,44,39,1,2429,연애,타로,15.4,49.69,6,0
22195,일반운세,사주,44,33,1,20974,재물금전,사주,6.1,11.86,2,0
2203,자기탐구,사주,44,30,2,18659,일반운세,사주,10.0,94.74,3,0
2363,연애,타로,44,39,2,2503,연애,타로,10.3,29.15,4,0
22195,일반운세,사주,44,33,2,43249,학업직업,사주,6.1,26.42,2,0
2203,자기탐구,사주,44,30,3,2203,자기탐구,사주,6.7,63.16,2,1
2363,연애,타로,44,39,3,2141,연애,타로,10.3,1.99,4,0
22195,일반운세,사주,44,33,3,21073,재물금전,사주,6.1,226.65,2,0
2203,자기탐구,사주,44,30,4,24739,자기탐구,사주,6.7,394.75,2,0
2363,연애,타로,44,39,4,1210,연애,타로,7.7,6.67,3,0
22195,일반운세,사주,44,33,4,2165,재물금전,사주,6.1,8.3,2,0
2203,자기탐구,사주,44,30,5,18668,자기탐구,사주,6.7,19.82,2,0
2363,연애,타로,44,39,5,2128,연애,타로,5.1,25.3,2,0
22195,일반운세,사주,44,33,5,43216,총운,사주,3.0,3.72,1,0
18641,연애,타로,43,37,1,2141,연애,타로,21.6,4.2,8,0
28378,연애,기타,43,33,1,28379,연애,기타,45.5,922.79,15,0
18641,연애,타로,43,37,2,18648,연애,타로,5.4,11.57,2,0
28378,연애,기타,43,33,2,28894,연애,사주,6.1,3.84,2,0
18641,연애,타로,43,37,3,13663,연애,타로,5.4,3.12,2,0
28378,연애,기타,43,33,3,400,연애,타로,6.1,1.48,2,0
18641,연애,타로,43,37,4,2363,연애,타로,5.4,49.24,2,0
28378,연애,기타,43,33,4,2142,연애,타로,6.1,2.96,2,0
18641,연애,타로,43,37,5,26214,연애,타로,5.4,13.11,2,0
28378,연애,기타,43,33,5,18270,연애,타로,6.1,9.18,2,0
526,연애,타로,42,36,1,2329,일반운세,타로,25.0,214.02,9,0
2329,일반운세,타로,42,35,1,2129,연애,타로,37.1,406.03,13,0
526,연애,타로,42,36,2,2129,연애,타로,11.1,121.46,4,0
2329,일반운세,타로,42,35,2,2141,연애,타로,5.7,1.11,2,0
526,연애,타로,42,36,3,526,연애,타로,8.3,88.38,3,1
2329,일반운세,타로,42,35,3,39091,연애,타로,5.7,7.4,2,0
526,연애,타로,42,36,4,523,결혼,타로,8.3,11.91,3,0
2329,일반운세,타로,42,35,4,17212,연애,타로,5.7,3.43,2,0
526,연애,타로,42,36,5,1210,연애,타로,5.6,4.81,2,0
2329,일반운세,타로,42,35,5,526,연애,타로,5.7,60.6,2,0
43348,연애,사주,41,36,1,42952,연애,사주,11.1,6.47,4,0
43348,연애,사주,41,36,2,20974,재물금전,사주,5.6,10.87,2,0
43348,연애,사주,41,36,3,20347,연애,사주,5.6,15.36,2,0
43348,연애,사주,41,36,4,41074,연애,타로,5.6,37.24,2,0
43348,연애,사주,41,36,5,2272,일반운세,타로,2.8,11.96,1,0
540,연애,타로,40,31,1,540,연애,타로,12.9,203.74,4,1
540,연애,타로,40,31,2,2171,학업직업,타로,9.7,1146.05,3,0
540,연애,타로,40,31,3,18144,연애,타로,6.5,49.83,2,0
540,연애,타로,40,31,4,2141,연애,타로,6.5,1.25,2,0
540,연애,타로,40,31,5,2351,학업직업,타로,6.5,42.45,2,0
36148,일반운세,사주,38,30,1,2202,학업직업,사주,6.7,5.29,2,0
36148,일반운세,사주,38,30,2,43685,학업직업,사주,6.7,24.42,2,0
36148,일반운세,사주,38,30,3,11293,일반운세,사주,6.7,152.81,2,0
36148,일반운세,사주,38,30,4,43447,총운,타로,3.3,12.08,1,0
36148,일반운세,사주,38,30,5,20316,연애,사주,3.3,118.42,1,0
2432,연애,타로,36,30,1,1210,연애,타로,23.3,20.22,7,0
2432,연애,타로,36,30,2,16651,연애,타로,6.7,64.01,2,0
2432,연애,타로,36,30,3,2237,연애,타로,6.7,41.19,2,0
2432,연애,타로,36,30,4,2432,연애,타로,6.7,121.46,2,1
2432,연애,타로,36,30,5,16396,연애,타로,3.3,71.77,1,0
16849,학업직업,타로,34,32,1,16849,학업직업,타로,78.1,1290.97,25,1
16849,학업직업,타로,34,32,2,540,연애,타로,6.2,98.69,2,0
16849,학업직업,타로,34,32,3,16378,연애,타로,3.1,13.14,1,0
16849,학업직업,타로,34,32,4,2351,학업직업,타로,3.1,20.56,1,0
16849,학업직업,타로,34,32,5,2171,학업직업,타로,3.1,370.08,1,0
