project_id,name,project_number,lifecycle_state,create_time
actions-codelab-957de,actions-codelab,318640773376,ACTIVE,2018-10-31T10:32:08.938Z
ai-product-417102,ai-product,219683330505,ACTIVE,2024-03-13T02:16:48.725352Z
ai-project-454009,AI-project,276620004769,ACTIVE,2025-03-17T09:07:00.843557Z
ai-rule-auto-gen-test-hshan,ai-rule-auto-gen-test-hshan,559954419801,ACTIVE,2025-08-04T09:58:56.279429Z
anonymous-logs-between,anonymous-logs-between,110344963273,ACTIVE,2016-11-17T06:41:02.436Z
anonymous-logs-between-for-dev,anonymous-logs-between-for-dev,328174262969,ACTIVE,2022-09-02T08:41:35.129Z
api-5338578201855979968-725661,thingsflow-apps,213722218875,ACTIVE,2018-01-24T05:13:43.311Z
aqueous-walker-462007-q9,My First Project,849122178959,ACTIVE,2025-06-05T07:28:46.543716Z
automation-466602,automation,817480568091,ACTIVE,2025-07-21T02:27:38.172751Z
between-va-auth,between-va-auth,610953008485,ACTIVE,2026-05-19T07:17:59.141Z
betweendate-android,betweendate-android,915001004176,ACTIVE,2015-05-03T12:28:47.212Z
betweendate-server,betweendate-server,274905530910,ACTIVE,2015-06-01T08:32:48.423Z
block-generator,block-generator,604893066968,ACTIVE,2023-04-29T07:52:36.725383Z
braze-review,braze-review,553744019147,ACTIVE,2020-10-23T07:06:23.588Z
braze-review-iam-1603434359845,Braze-Review-IAM,840451368554,ACTIVE,2020-10-23T06:26:00.246Z
braze-review-iam-1603434423033,Braze-Review-IAM,225589224387,ACTIVE,2020-10-23T06:27:03.672Z
carbide-topic-384404,My First Project,10537234470,ACTIVE,2023-04-21T04:36:39.872963Z
chitchat-subrule,Chitchat subrule,60028217802,ACTIVE,2018-08-24T03:23:51.897Z
decent-habitat-307809,My First Project,227971789213,ACTIVE,2021-03-16T09:10:24.109Z
directed-timing-426206-c5,My First Project,143013530228,ACTIVE,2024-06-12T06:15:54.324470Z
dl-sticker-between,dl-sticker-between,1099188481902,ACTIVE,2013-12-07T02:30:22.288Z
dl-sticker-between-mintnote,dl-sticker-between-mintnote,970588031268,ACTIVE,2013-12-07T02:30:25.498Z
engaged-fact-214104,project Chitchat Test,17143226576,ACTIVE,2018-08-22T04:44:24.104Z
firebase-hellobot,hellobot,902197179505,ACTIVE,2018-01-21T10:54:42.838Z
gcp-stp-p-studio,gcp-stp-p-studio,115435575586,ACTIVE,2023-03-06T09:11:16.144690Z
gen-lang-client-0170471706,hellobot-llm-dev,226054427174,ACTIVE,2026-05-06T02:37:23.530Z
gen-lang-client-0403158203,hellobot-llm-prod,824615310990,ACTIVE,2026-04-27T13:58:48.536Z
gen-lang-client-0465592155,compatibility-ai,476915920282,ACTIVE,2026-04-08T02:21:04.239Z
gen-lang-client-0605251657,compatibility-api,425701620383,ACTIVE,2026-04-07T11:41:37.620Z
gen-lang-client-0627053898,Gemini API,645573694164,ACTIVE,2025-02-06T01:23:55.118744Z
glassy-courage-350605,My First Project,74588007689,ACTIVE,2022-05-18T05:35:56.006Z
gothic-booth-434510-p2,My First Project,328261276724,ACTIVE,2024-09-03T10:20:40.340840Z
hellobot---test,hellobot - dev,493298206040,ACTIVE,2024-02-27T06:24:00.836825Z
hellobot-193106,hellobot,491080858783,ACTIVE,2018-01-24T06:06:05.806Z
hellobot-ai-profile,hellobot ai profile,1059570969025,ACTIVE,2023-11-24T05:00:53.688141Z
hellobot-ai-profile---test,hellobot ai profile - test,860189536901,ACTIVE,2023-11-24T06:59:48.909442Z
hellobot-chitcha-1540367303547,Cluster-editor,247893100742,ACTIVE,2018-10-24T07:48:23.708Z
hellobot-f445c,hellobot,647544545755,ACTIVE,2017-11-18T06:46:13.530Z
hellobot-test,hellobot-test,759366110419,ACTIVE,2017-07-28T07:07:33.108Z
hellobot-test-175405,hellobot Admin,529825828056,ACTIVE,2017-07-31T05:25:43.863Z
hellobot-web,hellobot-web,125693098977,ACTIVE,2019-06-11T08:28:36.480Z
heroic-climber-90109,betweendate-ios,18000292930,ACTIVE,2015-03-31T09:30:43.069Z
invertible-lens-307809,My First Project,747343071349,ACTIVE,2021-03-16T09:22:20.446Z
ir-chatbot,ir-chatbot,19040913682,ACTIVE,2023-06-23T05:39:18.188514Z
jangwoo-chatbot,jangwoo-chatbot,125210665773,ACTIVE,2023-07-11T08:47:12.816843Z
kakaotest-172607,KakaoTest,725193029353,ACTIVE,2017-07-03T07:57:50.463Z
lamama-ed1f8,Lamama,624007434681,ACTIVE,2018-11-29T08:43:57.355Z
lamama-test,Lamama-test,368844076897,ACTIVE,2018-12-31T06:01:23.353Z
learned-alcove-447906-m6,My First Project,668672092938,ACTIVE,2025-01-15T06:20:10.761923Z
lithe-window-308509,My First Project,918677745659,ACTIVE,2021-03-23T09:50:28.483Z
llamama,Llamama,44695902819,ACTIVE,2018-12-23T02:17:14.856Z
llamama-e9c09,llamama,869171748397,ACTIVE,2019-02-20T09:33:36.282Z
macro-anchor-454009-s9,My First Project,1029121630190,ACTIVE,2025-03-17T09:52:34.741754Z
macro-boulevard-207004,My Project 97958,465507075376,ACTIVE,2018-06-12T04:58:53.916Z
master-project-330307,thingsflowmaster,794807614543,ACTIVE,2021-10-27T07:53:42.051Z
messagesample-26aee,messageSample,48639028799,ACTIVE,2017-11-18T07:50:07.855Z
molten-turbine-400202,My First Project,340963506280,ACTIVE,2023-09-26T02:45:07.183569Z
mytypes-93e21,mytypes,100668501809,ACTIVE,2024-02-22T23:15:49.367935Z
named-territory-454009-k2,My First Project,851186946676,ACTIVE,2025-03-17T09:53:21.340695Z
newagent-1-eb371,NewAgent-1,653076448450,ACTIVE,2018-10-31T12:01:13.042Z
newagent-35e4a,NewAgent,650421044847,ACTIVE,2018-11-29T08:43:20.047Z
newagent-7d783,NewAgent,140261101522,ACTIVE,2018-04-02T00:38:18.445Z
newagent-9c093,NewAgent,51399111580,ACTIVE,2018-03-29T02:32:10.682Z
newagent-a5dce,NewAgent,819801734836,ACTIVE,2018-12-04T01:44:15.713Z
newagent-e4702,NewAgent,631484347532,ACTIVE,2018-10-31T10:41:20.732Z
nice-etching-300205,My First Project,520688092693,ACTIVE,2020-12-30T05:25:00.434Z
nice-incline-386203,Hellobot Google Login,460758828978,ACTIVE,2023-05-09T03:25:37.919282Z
nifty-condition-340203,My First Project,848137297105,ACTIVE,2022-02-03T03:30:16.109Z
omega-messenger-380806,My First Project,1015857768392,ACTIVE,2023-03-16T06:48:08.394297Z
proven-outpost-303604,My First Project,712493639917,ACTIVE,2021-02-02T04:52:35.832Z
quickstart-1560734746242,Quickstart,535900026276,ACTIVE,2019-06-17T01:25:46.591Z
quickstart-1583131114228,Quickstart,713081961455,ACTIVE,2020-03-02T06:38:35.201Z
quickstart-1594039648414,Quickstart,789748726600,ACTIVE,2020-07-06T12:47:29.288Z
rock-loop-363902,My First Project,259255970541,ACTIVE,2022-09-28T02:53:09.514Z
server-3a793,Server,728259121292,ACTIVE,2024-05-30T05:02:42.715274Z
sincere-song-380806,My First Project,986587750700,ACTIVE,2023-03-16T06:41:38.497425Z
small-talk-7d37e,Small-Talk,221831873899,ACTIVE,2018-04-02T00:40:48.577Z
stalwart-star-243501,My Project,137472067340,ACTIVE,2019-06-12T01:26:46.502Z
steel-wall-398105,My First Project,687794098514,ACTIVE,2023-09-05T05:49:20.268777Z
story-pilot,story-pilot,324683240036,ACTIVE,2023-03-04T11:52:52.112368Z
storyplay,storyplay,956775641945,ACTIVE,2020-11-18T04:16:00.376Z
storyplay-4fe65,storyplay,66077674487,ACTIVE,2020-10-26T01:50:22.815Z
storyplay-studio,storyplay-studio,983476910997,ACTIVE,2021-01-22T02:53:01.848Z
storyplay-test,storyplay-test,295625613696,ACTIVE,2020-10-26T01:48:47.013Z
suji-bot,suji-bot,872433178282,ACTIVE,2023-05-07T06:52:37.920489Z
sys-00463311286974895095201017,"          ",942037229337,ACTIVE,2025-10-16T04:58:57.428673Z
sys-01960315826371128101265047,"          ",890060151861,ACTIVE,2025-05-22T02:39:12.980853Z
sys-02018582820519138778704301,"          ",587140499473,ACTIVE,2025-05-22T02:39:09.457015Z
sys-02304921755099355375872210,"          ",761837369033,ACTIVE,2025-05-22T02:43:02.144942Z
sys-02613205052453047848478252,"     ",472139108176,ACTIVE,2023-12-26T03:04:05.273780Z
sys-03785715940294369762253432,"          ",785554134453,ACTIVE,2025-03-28T00:18:59.185521Z
sys-04271724893763788192986443,"          ",939198709070,ACTIVE,2024-03-15T05:15:52.963200Z
sys-04320046500018172024824125,"          ",271979052812,ACTIVE,2025-07-25T06:09:57.882049Z
sys-05223478160367736816243396,"          ",513474190765,ACTIVE,2025-05-21T07:20:19.763872Z
sys-05532613887439429730243938,"          ",251578250041,ACTIVE,2025-09-03T02:46:34.281957Z
sys-05708136891629195084455536,"          ",114711061854,ACTIVE,2023-12-18T08:54:36.150807Z
sys-06224569688495645891320568,Super URL Shortner  Dataliciou,37271814287,ACTIVE,2020-11-03T07:25:56.356Z
sys-07210196218802005546996101,"       RAW   ",747010475144,ACTIVE,2024-01-15T06:59:35.158564Z
sys-08063002838000400545812752,"          ",988028953857,ACTIVE,2025-08-28T00:05:34.475200Z
sys-08465231511434400374360443,"          ",962015143594,ACTIVE,2024-06-27T03:58:55.589935Z
sys-10266123084859892997164382,"             ",296415212432,ACTIVE,2020-07-07T06:19:35.278Z
sys-10276033960163177914348665,"          ",855908931262,ACTIVE,2025-05-22T02:43:00.548029Z
sys-11076761262848223877449531,"          ",505919688195,ACTIVE,2025-07-30T01:29:01.332329Z
sys-11701378766180301905291170,Untitled project,192150491528,ACTIVE,2025-08-04T23:43:49.107072Z
sys-12129940149877824013540135,"          ",267028227448,ACTIVE,2025-07-30T02:03:42.240421Z
sys-12132827677476979629386799,"          ",125605522128,ACTIVE,2025-09-03T02:44:27.792996Z
sys-12595592829522586687129624,"          ",991859273202,ACTIVE,2023-03-31T00:37:09.343338Z
sys-12691426816075039377303707,"          ",1068288435506,ACTIVE,2025-04-08T06:28:03.307697Z
sys-12741647505962295467949799,Untitled project,249160666913,ACTIVE,2023-05-12T02:22:11.658275Z
sys-13431565660847570001164895,"          ",995703771409,ACTIVE,2025-10-16T04:59:02.452724Z
sys-13639220368400682488883922,"          ",883595019493,ACTIVE,2025-05-22T02:13:41.442299Z
sys-14810337042484335812741971,"          ",766188925984,ACTIVE,2023-12-21T09:39:18.157365Z
sys-15542115083033179267638381,"          ",830219432796,ACTIVE,2025-08-28T00:11:29.060428Z
sys-15889039521974284402881895,"          ",418864422678,ACTIVE,2025-09-03T02:51:38.776505Z
sys-16290660054022728445947384,"          ",113104541052,ACTIVE,2025-05-08T05:51:27.438468Z
sys-16446791306159406815474865,"          ",952876523371,ACTIVE,2025-02-19T01:14:01.834306Z
sys-17387815518782608122772109,braze-review,644620180642,ACTIVE,2020-10-28T12:23:08.361Z
sys-17558716409904708275856230,"          ",320502793973,ACTIVE,2025-03-28T00:19:01.114889Z
sys-18294513782083089675972086,"          ",444647967931,ACTIVE,2025-07-25T06:16:04.182492Z
sys-18345379584916049609395914,"          ",758139486095,ACTIVE,2023-12-26T03:04:03.157467Z
sys-18407359832019980426606540,Untitled project,601553026806,ACTIVE,2023-05-17T08:20:43.878883Z
sys-18567404593569144018405771,"          ",514247013275,ACTIVE,2025-07-30T01:54:12.635344Z
sys-19469139551470482902928791,Untitled project,986127987949,ACTIVE,2023-05-12T02:23:46.460326Z
sys-19798483740356181021354291,"          ",892380019529,ACTIVE,2024-04-26T00:26:07.889208Z
sys-19853424264293339087631088,"          ",565375208759,ACTIVE,2025-05-22T02:13:43.840677Z
sys-20127550933312018547827104,"          ",488689316152,ACTIVE,2025-07-30T01:54:18.558096Z
sys-20764118018428181919272191,storyplay-landing-preorder,136187176164,ACTIVE,2020-11-17T07:09:18.778Z
sys-20815506314185114055803062,"          ",840412431731,ACTIVE,2025-08-28T00:11:33.667676Z
sys-21567496519270653525589209,"          ",573884443950,ACTIVE,2025-04-08T06:31:05.293795Z
sys-22117712819496309466976648,"          ",1024676713806,ACTIVE,2025-07-30T02:03:39.132208Z
sys-22216474517214061929283223,"          ",938239627944,ACTIVE,2024-03-15T05:15:55.361513Z
sys-23282500687652581915831724,"            ",448273318823,ACTIVE,2024-06-17T10:25:03.491819Z
sys-23473397816139263361958032,"          ",565808615168,ACTIVE,2025-05-22T02:14:54.937807Z
sys-24578326516478605599204902,"          ",728367101934,ACTIVE,2025-02-19T01:09:03.978942Z
sys-25327698603488097007077927,"          ",218310402888,ACTIVE,2025-04-08T06:35:32.446334Z
sys-25348450339009172928442879,"          ",1067737211622,ACTIVE,2023-01-31T09:06:07.360Z
sys-26046259704971343700383532,"                  ",56860542393,ACTIVE,2023-12-06T05:35:38.119086Z
sys-26809846058381091379779146,"          ",327698302785,ACTIVE,2025-10-16T04:59:37.900424Z
sys-27369180438232674603345735,Untitled project,1028598436958,ACTIVE,2023-05-22T07:15:23.615605Z
sys-31008383841928462755606325,"          ",307631500287,ACTIVE,2025-08-28T00:11:44.483595Z
sys-32225914209264159196283817,"          ",497298659913,ACTIVE,2025-07-25T06:15:57.886141Z
sys-32503682508516183113026180,"          ",737712984475,ACTIVE,2025-07-25T08:18:17.577179Z
sys-33318132771454552644262169,filter update,1064775106243,ACTIVE,2023-06-01T09:13:48.276423Z
sys-33595540838707885811063210,"         2023  7              ",836928138505,ACTIVE,2023-08-16T04:48:48.529950Z
sys-34208964571526925686672628,"          ",7723936788,ACTIVE,2025-07-30T01:29:05.505490Z
sys-34313382243843863469150425,"          ",278556822179,ACTIVE,2025-07-25T06:17:18.581762Z
sys-34495110622579580232128290,"          ",707942099217,ACTIVE,2025-07-25T06:10:03.253855Z
sys-34939648727304749824363388,"          ",6771319201,ACTIVE,2023-07-20T05:02:40.964011Z
sys-35500287020278697576815632,"          ",997376768212,ACTIVE,2025-03-28T00:00:36.619985Z
sys-35638152726873552455258081,"          ",324128705505,ACTIVE,2025-09-03T02:35:17.874758Z
sys-36728841250420370422999297,filter update,645415430056,ACTIVE,2023-06-01T08:57:28.041953Z
sys-36741799183070090571444471,"          ",309371861906,ACTIVE,2025-04-08T06:30:59.745296Z
sys-36999701269981703029575062,"GPT ",360546272744,ACTIVE,2023-08-25T01:58:26.327758Z
sys-38023567569062709299812482,"          ",6114216182,ACTIVE,2025-05-30T00:30:54.477578Z
sys-39109750700268612334509224,"          ",357011095049,ACTIVE,2025-07-25T06:14:27.287628Z
sys-39671577251748236255011869,"          ",210829223396,ACTIVE,2025-11-19T02:38:56.033657Z
sys-39896601919965297704957788,"          ",226245137725,ACTIVE,2024-01-15T08:24:22.786677Z
sys-41169793427578272906838429,Untitled project,166220378710,ACTIVE,2023-05-22T07:15:28.658276Z
sys-41650346424396443805445949,"          ",152684367831,ACTIVE,2025-03-28T00:00:40.321730Z
sys-42816754043853356208967847,"          ",483089879466,ACTIVE,2023-10-17T07:55:35.033870Z
sys-42907408316757619454123811,"          ",10132347954,ACTIVE,2025-05-22T02:41:47.089680Z
sys-44270213718143506777993913,"          ",1025718799411,ACTIVE,2025-02-19T01:25:10.315145Z
sys-44563059129047508205005152,"          ",1038269277882,ACTIVE,2025-07-25T06:11:46.950874Z
sys-44723133201815592893626815,"          ",610742006074,ACTIVE,2025-05-30T00:14:46.002442Z
sys-45018145320977567851535150,"          ",361469403540,ACTIVE,2025-09-03T02:51:36.074605Z
sys-45739808076226899315159732,"          ",1068405543235,ACTIVE,2024-01-15T08:24:19.581962Z
sys-46429183105867612669600205,Untitled project,960502727627,ACTIVE,2023-05-17T08:20:41.840028Z
sys-46751280548648856790042087,"          ",268164303729,ACTIVE,2025-02-19T01:14:07.233665Z
sys-47682917584403874315354346,"          ",234022039494,ACTIVE,2025-05-22T02:14:52.677674Z
sys-49650071807272495903883298,Untitled project,65624663914,ACTIVE,2023-05-12T02:23:44.888528Z
sys-49914692477945464796528141,"          ",898311838129,ACTIVE,2025-09-25T00:45:08.101868Z
sys-51759349294460432334095964,"          ",137713722661,ACTIVE,2025-07-25T06:17:15.679286Z
sys-53281470120265634224689721,"          ",683257784492,ACTIVE,2025-04-08T06:35:34.250064Z
sys-54202381811522953193568366,"          ",469011357793,ACTIVE,2025-07-25T08:18:22.442254Z
sys-55496299975149829357074821,"          ",1046490849889,ACTIVE,2025-05-08T05:51:24.880845Z
sys-55813965769838949991502900,Untitled project,986608979886,ACTIVE,2025-08-04T23:43:48.162233Z
sys-56247702547480819795359478,"          ",286451360385,ACTIVE,2023-12-20T06:40:24.371608Z
sys-56282562109427953096267514,Untitled project,622461443538,ACTIVE,2023-06-13T04:58:06.068181Z
sys-56862672080512329984800184,"          ",816794206945,ACTIVE,2025-08-28T00:11:40.564210Z
sys-57660790792802999783850977,GPT2 Test,381893677744,ACTIVE,2021-02-18T10:02:36.839Z
sys-57661402331617157407601403,"          ",406681784573,ACTIVE,2025-07-30T01:13:25.680009Z
sys-60193996886862859593817946,"                     ",818599453705,ACTIVE,2025-02-18T06:30:15.658565Z
sys-60388671981461228076559358,"        ",210090136359,ACTIVE,2023-12-18T08:54:36.126276Z
sys-60675348640274716279328603,"          ",304544581595,ACTIVE,2025-10-16T05:00:11.226814Z
sys-60958525708174032435179340,"          ",59117300293,ACTIVE,2024-04-23T07:16:54.619871Z
sys-62522367153723442419386195,"          ",54612626302,ACTIVE,2025-05-22T02:40:58.976330Z
sys-62563373796771784470905190,"          ",522505849228,ACTIVE,2025-11-19T02:38:54.691799Z
sys-62866874508268717592058909,"          ",648472296694,ACTIVE,2025-09-03T02:35:22.459389Z
sys-62994947588102386496520755,"          ",161158350796,ACTIVE,2025-07-25T06:11:47.842749Z
sys-63959541481856287048698482,"          ",680332006148,ACTIVE,2025-04-08T06:28:04.490662Z
sys-64018677622137229468236654,"          ",639009034581,ACTIVE,2025-05-30T00:30:52.137493Z
sys-64422623262838522906572894,"          ",238167115356,ACTIVE,2025-05-22T02:40:56.918740Z
sys-65029140772590939891290367,"          ",1024262136785,ACTIVE,2024-06-27T03:59:03.504130Z
sys-67532206322238054741537661,"          ",807385017188,ACTIVE,2025-12-09T03:24:18.507955Z
sys-68044700269985966600966575,storyplay-landing-contact,684141623741,ACTIVE,2020-10-27T12:41:11.806Z
sys-68447901014621752570299680,"          ",880109266361,ACTIVE,2025-05-30T00:08:33.075944Z
sys-70994108587145150391611201,"        ",1075223228480,ACTIVE,2023-12-26T04:22:39.545127Z
sys-71179803836059806373091719,"          ",258198279709,ACTIVE,2024-04-26T00:26:10.464806Z
sys-71319241000851142719368396,"          ",1081819034077,ACTIVE,2025-08-28T00:11:36.893305Z
sys-71549379370123082208116104,"          ",333408140484,ACTIVE,2024-07-07T01:04:11.887435Z
sys-71830492995453348044121085,"          ",442456823838,ACTIVE,2025-12-09T03:24:20.557594Z
sys-72704380340911110982031560,"          ",684719742445,ACTIVE,2023-12-26T03:01:25.216546Z
sys-72780890495966886506290589,"          ",302441592656,ACTIVE,2025-05-30T00:24:59.808420Z
sys-72872238508545881502583036,"          ",1005889879534,ACTIVE,2024-04-03T09:04:16.430501Z
sys-73685307717256798548119563,"          ",286979111607,ACTIVE,2025-08-28T00:05:39.536928Z
sys-75081555345980813717860545,"          ",819940420026,ACTIVE,2024-07-07T01:04:12.362704Z
sys-75083646050770132040700864,"          ",418825376419,ACTIVE,2019-05-14T10:18:29.591Z
sys-75584940546831387318217218,"          ",68351290997,ACTIVE,2025-10-16T04:59:32.598511Z
sys-76472760857153425177285648,Untitled project,410950882455,ACTIVE,2023-05-10T09:21:22.359526Z
sys-77400404382724931972866126,"          ",60312340766,ACTIVE,2025-09-03T02:46:36.277235Z
sys-78253818784413269450281222,"                  ",532900285205,ACTIVE,2023-07-28T09:14:00.862669Z
sys-78321576815996383827930914,"          ",101233487095,ACTIVE,2025-05-21T07:20:21.231671Z
sys-79276672380411446307627182,"          ",985882515315,ACTIVE,2023-12-20T06:38:38.362563Z
sys-80480244098379647409831684,Untitled project,108461265203,ACTIVE,2023-05-10T09:21:25.688345Z
sys-81739080374251798301381881,"          ",635683760309,ACTIVE,2025-05-22T02:40:11.841424Z
sys-83901297011819475417348608,"          ",564239995828,ACTIVE,2025-09-03T02:45:25.302334Z
sys-84094177411051008030655033,"          ",188963563522,ACTIVE,2024-04-23T07:16:49.876658Z
sys-84488428082978212793025687,Untitled project,596173952793,ACTIVE,2023-06-13T04:58:04.099150Z
sys-84596566569740483004132387,"          ",959399097518,ACTIVE,2025-09-03T02:45:26.736740Z
sys-85245205727289968949715852,Airbridge Tracking Link Genera,297215974851,ACTIVE,2023-08-24T09:41:38.167280Z
sys-85364295092271441806313922,"          ",749159553925,ACTIVE,2025-05-22T02:40:08.443235Z
sys-85547737683717966877909305,"          ",345456705563,ACTIVE,2025-05-22T02:41:48.795612Z
sys-85964408004560093044293137,Airbridge Tracking Link Genera,546173540691,ACTIVE,2023-08-28T01:24:10.145270Z
sys-87042592135358286288003065,"          ",720810888058,ACTIVE,2025-09-25T00:45:04.628770Z
sys-90737564443472698699517186,"          ",173250971561,ACTIVE,2025-10-16T04:58:15.054448Z
sys-91212294234778921579941395,Untitled project,479636267474,ACTIVE,2023-05-10T09:18:53.560182Z
sys-91644723814463102806409092,"          ",436571420577,ACTIVE,2025-07-30T01:13:27.061751Z
sys-92604498354651982739963803,"                ",42569106773,ACTIVE,2024-02-15T00:08:11.865964Z
sys-92609922670977475815398714,"          ",212333973627,ACTIVE,2025-02-19T01:25:13.233288Z
sys-92669037493006876224798198,"          ",934506111637,ACTIVE,2025-10-16T04:58:09.631293Z
sys-93369267358481647001739372,"          ",798227823591,ACTIVE,2023-10-17T07:55:36.057911Z
sys-96458999620271518968611575,"          ",183262231338,ACTIVE,2025-05-30T00:14:44.985528Z
sys-96744448105320931964957244,"          ",948641943573,ACTIVE,2021-01-21T06:27:06.091Z
sys-96767698100790756104713311,"          ",290199788241,ACTIVE,2025-10-16T05:00:17.630895Z
sys-98948549921619767764884109,"          ",22498611619,ACTIVE,2025-07-25T06:14:32.435490Z
sys-99093774922822563466660484,"          ",231195825787,ACTIVE,2025-09-03T02:44:30.363166Z
t-cogency-426005-d6,My First Project,974046494533,ACTIVE,2024-06-10T05:33:10.588912Z
tensile-will-207003,My Project 42803,48770920,ACTIVE,2018-06-12T03:27:38.549Z
test-e7fc89f4,,335862783546,ACTIVE,2025-07-14T07:25:57.844149Z
testpj-47127,TESTPJ,109174368532,ACTIVE,2017-07-07T04:40:22.762Z
testtest-e11f8,testtest,976788618025,ACTIVE,2019-11-04T06:02:30.346Z
the-respect-330308,My First Project,519196458571,ACTIVE,2021-10-27T08:34:18.910Z
thingsflow-landing,thingsflow-landing,382084196514,ACTIVE,2018-07-04T08:46:57.649Z
total-media-488705-u2,My Maps Project,947322953181,ACTIVE,2026-02-27T05:32:30.436743Z
vcnc.co.kr:couple-android,Between,1036150524861,ACTIVE,2012-07-02T05:19:44.926Z
