order_id,sku_id,product_type,account,charge_date,refund_date,refund_type,days_to_refund
GPA.3315-3154-7970-16044,,,,,2025-02-01,Full,
GPA.3316-0177-6275-09631,,,,,2025-02-01,Full,
GPA.3316-5268-4462-14691,,,,,2025-02-01,Full,
GPA.3316-6524-2675-81905,,,,,2025-02-01,Full,
GPA.3317-0336-3893-15180,,,,,2025-02-01,Full,
GPA.3320-3089-6038-43616,,,,,2025-02-01,Full,
GPA.3323-6096-0936-23273,,,,,2025-02-01,Full,
GPA.3325-1022-8785-21073,,,,,2025-02-01,Full,
GPA.3332-1786-3107-47578,,,,,2025-02-01,Full,
GPA.3332-5205-7074-32270,,,,,2025-02-01,Full,
GPA.3337-0627-5406-56929,,,,,2025-02-01,Full,
GPA.3345-9538-5722-28235,,,,,2025-02-01,Full,
GPA.3346-0369-2787-12022,,,,,2025-02-01,Full,
GPA.3347-5591-2065-56864,,,,,2025-02-01,Full,
GPA.3349-3896-7398-06034,,,,,2025-02-01,Full,
GPA.3350-4905-2635-70849,,,,,2025-02-01,Full,
GPA.3354-8263-9846-50961,,,,,2025-02-01,Full,
GPA.3364-7816-5885-64277,,,,,2025-02-01,Full,
GPA.3373-0417-1331-56189,,,,,2025-02-01,Full,
GPA.3373-0760-9191-87427,,,,,2025-02-01,Full,
GPA.3379-4012-1694-27192,,,,,2025-02-01,Full,
GPA.3384-5626-0349-55812,,,,,2025-02-01,Full,
GPA.3389-5490-1998-12619,,,,,2025-02-01,Full,
GPA.3395-2044-3265-23861,,,,,2025-02-01,Full,
GPA.3396-6686-1832-67636,,,,,2025-02-01,Full,
GPA.3312-3086-4748-19095,,,,,2025-02-02,Full,
GPA.3314-5177-1791-79700,,,,,2025-02-02,Full,
GPA.3315-4868-0347-31963,,,,,2025-02-02,Full,
GPA.3319-2998-8897-35102,,,,,2025-02-02,Full,
GPA.3320-1561-8404-37043,,,,,2025-02-02,Full,
GPA.3324-1959-4683-53437,,,,,2025-02-02,Full,
GPA.3324-5948-6246-89173,,,,,2025-02-02,Full,
GPA.3326-9448-4535-57335,hellobot_membership_1month_26000,1,legacy,2025-02-01,2025-02-02,Full,1
GPA.3327-7572-0151-61673,,,,,2025-02-02,Full,
GPA.3328-2676-9450-51719,,,,,2025-02-02,Full,
GPA.3348-8482-0440-85975,,,,,2025-02-02,Full,
GPA.3355-6931-3540-74307,,,,,2025-02-02,Full,
GPA.3357-0821-7085-71376,,,,,2025-02-02,Full,
GPA.3366-3775-2656-70552,,,,,2025-02-02,Full,
GPA.3366-6315-9121-09577,hellobot_coin250,1,legacy,2025-02-02,2025-02-02,Full,0
GPA.3367-6046-5022-64824,,,,,2025-02-02,Full,
GPA.3368-5372-4128-25942,,,,,2025-02-02,Full,
GPA.3370-8929-2624-65571,,,,,2025-02-02,Full,
GPA.3372-9549-4607-12774,,,,,2025-02-02,Full,
GPA.3375-0867-8603-71106,,,,,2025-02-02,Full,
GPA.3376-1385-1802-08370,,,,,2025-02-02,Full,
GPA.3376-6286-9110-41826,,,,,2025-02-02,Full,
GPA.3394-1608-5968-17981,,,,,2025-02-02,Full,
GPA.3395-6228-5125-50694,,,,,2025-02-02,Full,
GPA.3396-8195-7461-14612,,,,,2025-02-02,Full,
GPA.3310-8056-4746-86931,,,,,2025-02-03,Full,
GPA.3311-0138-9387-80517,,,,,2025-02-03,Full,
GPA.3316-2422-4383-20785,,,,,2025-02-03,Full,
GPA.3319-3887-8304-49149,,,,,2025-02-03,Full,
GPA.3320-0526-7890-71222,,,,,2025-02-03,Full,
GPA.3321-9767-8871-61541,,,,,2025-02-03,Full,
GPA.3322-0283-4986-79746,,,,,2025-02-03,Full,
GPA.3326-6251-1939-90507,,,,,2025-02-03,Full,
GPA.3327-6958-3761-88810,hellobot_coin150,1,legacy,2025-02-02,2025-02-03,Full,1
GPA.3335-5091-5723-51555,,,,,2025-02-03,Full,
GPA.3337-8032-5979-99028,hellobot_membership_1month_26000,1,legacy,2025-02-03,2025-02-03,Full,0
GPA.3339-6226-8768-38793,,,,,2025-02-03,Full,
GPA.3340-9764-7103-36745,,,,,2025-02-03,Full,
GPA.3341-6764-3543-31815,,,,,2025-02-03,Full,
GPA.3345-1306-7262-56611,,,,,2025-02-03,Full,
GPA.3345-3243-2757-78172,,,,,2025-02-03,Full,
GPA.3346-3988-9658-76645,hellobot_coin150,1,legacy,2025-02-03,2025-02-03,Full,0
GPA.3349-8020-3912-89336,,,,,2025-02-03,Full,
GPA.3350-7631-5262-22029,,,,,2025-02-03,Full,
GPA.3350-8071-2484-90328,,,,,2025-02-03,Full,
GPA.3351-1100-7818-78417,,,,,2025-02-03,Full,
GPA.3352-2381-0869-78106,hellobot_coin150,1,legacy,2025-02-03,2025-02-03,Full,0
GPA.3353-9074-5679-31149,,,,,2025-02-03,Full,
GPA.3354-1811-0564-91368,,,,,2025-02-03,Full,
GPA.3359-1094-1417-16395,hellobot_coin250,1,legacy,2025-02-02,2025-02-03,Full,1
GPA.3360-8787-0121-67290,,,,,2025-02-03,Full,
GPA.3362-5447-9796-05895,,,,,2025-02-03,Full,
GPA.3366-8701-5422-19686,,,,,2025-02-03,Full,
GPA.3366-8827-1239-73596,,,,,2025-02-03,Full,
GPA.3366-9701-1834-66565,,,,,2025-02-03,Full,
GPA.3369-3171-0763-69874,hellobot_coin150,1,legacy,2025-02-03,2025-02-03,Full,0
GPA.3374-4238-9337-06340,,,,,2025-02-03,Full,
GPA.3378-5511-0916-97575,,,,,2025-02-03,Full,
GPA.3379-8199-6369-87451,,,,,2025-02-03,Full,
GPA.3379-8514-1192-15199,,,,,2025-02-03,Full,
GPA.3383-0167-2081-71568,,,,,2025-02-03,Full,
GPA.3383-9061-3339-65138,,,,,2025-02-03,Full,
GPA.3384-4861-9835-35049,,,,,2025-02-03,Full,
GPA.3388-8771-3631-55510,,,,,2025-02-03,Full,
GPA.3389-2979-7525-64904,,,,,2025-02-03,Full,
GPA.3301-2469-8311-76910,hellobot_coin25,1,legacy,2025-02-01,2025-02-04,Full,3
GPA.3301-8718-1151-39072,hellobot_coin75_fixed,1,legacy,2025-02-01,2025-02-04,Full,3
GPA.3304-7939-8723-21295,hellobot_coin200,1,legacy,2025-02-01,2025-02-04,Full,3
GPA.3305-3418-0499-96648,,,,,2025-02-04,Full,
GPA.3307-8138-9256-76079,hellobot_coin100_fixed,1,legacy,2025-02-01,2025-02-04,Full,3
GPA.3314-9157-7216-03561,hellobot_coin50,1,legacy,2025-02-01,2025-02-04,Full,3
GPA.3319-0913-2900-01951,hellobot_coin10_for_first,1,legacy,2025-02-01,2025-02-04,Full,3
GPA.3324-6162-3514-98055,hellobot_coin150,1,legacy,2025-02-01,2025-02-04,Full,3
GPA.3329-9220-9756-43377,hellobot_coin350,1,legacy,2025-02-01,2025-02-04,Full,3
GPA.3331-4966-8851-09138,hellobot_coin100_fixed,1,legacy,2025-02-01,2025-02-04,Full,3
GPA.3331-8279-8645-23451,hellobot_coin150,1,legacy,2025-02-01,2025-02-04,Full,3
GPA.3337-5641-9317-39056,hellobot_coin10,1,legacy,2025-02-01,2025-02-04,Full,3
GPA.3340-0433-6232-92693,hellobot_coin100_fixed,1,legacy,2025-02-01,2025-02-04,Full,3
GPA.3340-1109-6332-01593,hellobot_coin10_for_first,1,legacy,2025-02-01,2025-02-04,Full,3
GPA.3342-1362-3997-23419,hellobot_coin100_fixed,1,legacy,2025-02-01,2025-02-04,Full,3
GPA.3359-2654-8861-29371,hellobot_coin25,1,legacy,2025-02-01,2025-02-04,Full,3
GPA.3359-3807-6536-60946,hellobot_coin350,1,legacy,2025-02-01,2025-02-04,Full,3
GPA.3362-2865-0606-87161,hellobot_coin150,1,legacy,2025-02-01,2025-02-04,Full,3
GPA.3364-1029-2219-23237,hellobot_coin150,1,legacy,2025-02-01,2025-02-04,Full,3
GPA.3364-8962-6690-84885,hellobot_coin250,1,legacy,2025-02-01,2025-02-04,Full,3
GPA.3365-9525-6928-72363,hellobot_coin25,1,legacy,2025-02-01,2025-02-04,Full,3
GPA.3366-3048-7512-68219,hellobot_coin150,1,legacy,2025-02-01,2025-02-04,Full,3
GPA.3367-8202-8293-72723,hellobot_coin25,1,legacy,2025-02-01,2025-02-04,Full,3
GPA.3368-1567-3715-15415,hellobot_coin200,1,legacy,2025-02-01,2025-02-04,Full,3
GPA.3370-8789-7037-64946,hellobot_coin150,1,legacy,2025-02-01,2025-02-04,Full,3
GPA.3374-2346-2067-85225,hellobot_membership_1month_26000,1,legacy,2025-02-01,2025-02-04,Full,3
GPA.3380-0456-6767-25971,hellobot_coin75_fixed,1,legacy,2025-02-01,2025-02-04,Full,3
GPA.3389-2059-1034-33318,hellobot_coin10_for_first,1,legacy,2025-02-01,2025-02-04,Full,3
GPA.3390-4086-6870-59826,hellobot_coin100_fixed,1,legacy,2025-02-01,2025-02-04,Full,3
GPA.3390-6874-5970-03324,hellobot_coin100_fixed,1,legacy,2025-02-01,2025-02-04,Full,3
GPA.3395-8876-5749-79975,,,,,2025-02-04,Full,
GPA.3300-1752-3057-66953,hellobot_heart_330_timelimit,1,legacy,2025-02-03,2025-02-05,Full,2
GPA.3302-5365-5326-13380,hellobot_coin50,1,legacy,2025-02-02,2025-02-05,Full,3
GPA.3303-5777-8222-68697,hellobot_coin200,1,legacy,2025-02-02,2025-02-05,Full,3
GPA.3305-0163-2132-78592,hellobot_coin10,1,legacy,2025-02-02,2025-02-05,Full,3
GPA.3311-5740-1992-36426,hellobot_coin100_fixed,1,legacy,2025-02-03,2025-02-05,Full,2
GPA.3320-6243-0106-24489,hellobot_coin250,1,legacy,2025-02-02,2025-02-05,Full,3
GPA.3322-7071-8475-02079,hellobot_coin350,1,legacy,2025-02-02,2025-02-05,Full,3
GPA.3324-5437-0261-89331,hellobot_coin50,1,legacy,2025-02-02,2025-02-05,Full,3
GPA.3326-2058-3820-15376,hellobot_coin50,1,legacy,2025-02-02,2025-02-05,Full,3
GPA.3331-1634-9835-49265,hellobot_coin50,1,legacy,2025-02-02,2025-02-05,Full,3
GPA.3342-7296-7839-29681,hellobot_coin150,1,legacy,2025-02-02,2025-02-05,Full,3
GPA.3346-1598-3533-21606,hellobot_coin100_fixed,1,legacy,2025-02-02,2025-02-05,Full,3
GPA.3351-6524-9694-13525,hellobot_coin150,1,legacy,2025-02-02,2025-02-05,Full,3
GPA.3361-4764-5610-75901,hellobot_coin10_for_first,1,legacy,2025-02-02,2025-02-05,Full,3
GPA.3361-8670-5849-51536,hellobot_coin150,1,legacy,2025-02-02,2025-02-05,Full,3
GPA.3362-8349-0633-65169,hellobot_coin50,1,legacy,2025-02-02,2025-02-05,Full,3
GPA.3370-1586-1559-01124,hellobot_coin150,1,legacy,2025-02-02,2025-02-05,Full,3
GPA.3374-7328-4087-97974,hellobot_coin25,1,legacy,2025-02-02,2025-02-05,Full,3
GPA.3376-8326-2149-82050,hellobot_coin150,1,legacy,2025-02-02,2025-02-05,Full,3
GPA.3383-4543-1370-49689,hellobot_coin10,1,legacy,2025-02-02,2025-02-05,Full,3
GPA.3386-9965-2021-86413,hellobot_coin150,1,legacy,2025-02-02,2025-02-05,Full,3
GPA.3390-6459-4944-03344,hellobot_coin150,1,legacy,2025-02-02,2025-02-05,Full,3
GPA.3392-8456-2400-17093,hellobot_coin100_fixed,1,legacy,2025-02-02,2025-02-05,Full,3
GPA.3300-1143-7712-35538,hellobot_coin100_fixed,1,legacy,2025-02-03,2025-02-06,Full,3
GPA.3301-9264-3938-15928,hellobot_coin50,1,legacy,2025-02-03,2025-02-06,Full,3
GPA.3312-9021-1002-18491,hellobot_coin25,1,legacy,2025-02-03,2025-02-06,Full,3
GPA.3314-2796-6725-33148,hellobot_coin25,1,legacy,2025-02-03,2025-02-06,Full,3
GPA.3318-8951-2405-37986,hellobot_coin10_for_first,1,legacy,2025-02-03,2025-02-06,Full,3
GPA.3323-3658-3726-48985,hellobot_coin150,1,legacy,2025-02-03,2025-02-06,Full,3
GPA.3325-2003-2993-69285,hellobot_coin25,1,legacy,2025-02-03,2025-02-06,Full,3
GPA.3339-4607-7928-49582,hellobot_coin150,1,legacy,2025-02-06,2025-02-06,Full,0
GPA.3340-9669-6210-48792,hellobot_coin10,1,legacy,2025-02-03,2025-02-06,Full,3
GPA.3344-7168-0755-58702,hellobot_coin10_for_first,1,legacy,2025-02-03,2025-02-06,Full,3
GPA.3347-4649-8236-59341,hellobot_coin50,1,legacy,2025-02-03,2025-02-06,Full,3
GPA.3348-8856-4519-84596,hellobot_coin10,1,legacy,2025-02-03,2025-02-06,Full,3
GPA.3350-4080-0332-74138,hellobot_coin50,1,legacy,2025-02-03,2025-02-06,Full,3
GPA.3351-7322-5453-06263,hellobot_coin150,1,legacy,2025-02-03,2025-02-06,Full,3
GPA.3359-4473-2003-20596,hellobot_coin25,1,legacy,2025-02-03,2025-02-06,Full,3
GPA.3364-0395-8495-26152,hellobot_coin150,1,legacy,2025-02-03,2025-02-06,Full,3
GPA.3367-6198-5949-54061,hellobot_coin50,1,legacy,2025-02-03,2025-02-06,Full,3
GPA.3373-1372-8496-05868,hellobot_coin100_fixed,1,legacy,2025-02-04,2025-02-06,Full,2
GPA.3376-4853-6844-01122,hellobot_coin10,1,legacy,2025-02-03,2025-02-06,Full,3
GPA.3379-0329-2179-88953,hellobot_coin10_for_first,1,legacy,2025-02-03,2025-02-06,Full,3
GPA.3379-9692-4432-15563,hellobot_coin50,1,legacy,2025-02-03,2025-02-06,Full,3
GPA.3380-9003-8182-68548,hellobot_coin25,1,legacy,2025-02-03,2025-02-06,Full,3
GPA.3384-3066-3905-83254,hellobot_coin10,1,legacy,2025-02-03,2025-02-06,Full,3
GPA.3399-4583-0777-12907,hellobot_coin10,1,legacy,2025-02-03,2025-02-06,Full,3
GPA.3305-5426-4503-27499,hellobot_coin10,1,legacy,2025-02-04,2025-02-07,Full,3
GPA.3310-8809-4530-08723,hellobot_coin610_1,1,legacy,2025-02-04,2025-02-07,Full,3
GPA.3314-4749-4647-64348,hellobot_coin50,1,legacy,2025-02-04,2025-02-07,Full,3
GPA.3322-1443-8886-09195,hellobot_coin150,1,legacy,2025-02-04,2025-02-07,Full,3
GPA.3324-6347-1349-79240,hellobot_coin150,1,legacy,2025-02-04,2025-02-07,Full,3
GPA.3325-9325-2910-95540,hellobot_membership_1month_26000,1,legacy,2025-02-06,2025-02-07,Full,1
GPA.3328-2365-4255-61950,hellobot_coin10,1,legacy,2025-02-04,2025-02-07,Full,3
GPA.3340-1167-3497-51190,hellobot_coin250,1,legacy,2025-02-07,2025-02-07,Full,0
GPA.3340-4243-9130-06285,hellobot_coin50,1,legacy,2025-02-04,2025-02-07,Full,3
GPA.3342-4571-4908-74828,hellobot_coin10_for_first,1,legacy,2025-02-04,2025-02-07,Full,3
GPA.3346-3508-3699-83541,hellobot_coin200,1,legacy,2025-02-04,2025-02-07,Full,3
GPA.3349-5771-4655-08014,hellobot_coin25,1,legacy,2025-02-04,2025-02-07,Full,3
GPA.3372-1574-7596-30205,hellobot_coin250,1,legacy,2025-02-04,2025-02-07,Full,3
GPA.3378-9435-0486-47100,hellobot_coin10,1,legacy,2025-02-04,2025-02-07,Full,3
GPA.3380-7678-9730-59214,hellobot_coin150,1,legacy,2025-02-04,2025-02-07,Full,3
GPA.3381-7480-6063-56646,hellobot_coin100_fixed,1,legacy,2025-02-07,2025-02-07,Full,0
GPA.3382-5235-7602-39028,hellobot_coin350,1,legacy,2025-02-07,2025-02-07,Full,0
GPA.3386-9722-2480-07713,hellobot_coin350,1,legacy,2025-02-04,2025-02-07,Full,3
GPA.3387-6726-3044-67630,hellobot_coin10,1,legacy,2025-02-04,2025-02-07,Full,3
GPA.3393-0698-4345-80952,hellobot_coin75_fixed,1,legacy,2025-02-07,2025-02-07,Full,0
GPA.3395-7874-6322-05212,hellobot_coin50,1,legacy,2025-02-04,2025-02-07,Full,3
GPA.3397-2880-2393-69359,hellobot_coin200,1,legacy,2025-02-04,2025-02-07,Full,3
GPA.3399-8716-9181-68107,hellobot_coin150,1,legacy,2025-02-04,2025-02-07,Full,3
GPA.3304-4096-5852-04771,hellobot_coin350,1,legacy,2025-02-05,2025-02-08,Full,3
GPA.3306-0473-8400-70736,hellobot_coin10,1,legacy,2025-02-05,2025-02-08,Full,3
GPA.3323-8185-3462-31702,hellobot_coin150,1,legacy,2025-02-05,2025-02-08,Full,3
GPA.3334-7078-6685-03939,hellobot_coin25,1,legacy,2025-02-05,2025-02-08,Full,3
GPA.3343-1093-0120-19824,hellobot_coin250,1,legacy,2025-02-05,2025-02-08,Full,3
GPA.3349-0073-0804-45857,hellobot_coin150,1,legacy,2025-02-05,2025-02-08,Full,3
GPA.3354-4448-2262-89236,hellobot_coin10_for_first,1,legacy,2025-02-05,2025-02-08,Full,3
GPA.3356-1784-1001-50752,hellobot_coin25,1,legacy,2025-02-05,2025-02-08,Full,3
GPA.3366-4626-1672-00438,hellobot_coin100_fixed,1,legacy,2025-02-05,2025-02-08,Full,3
GPA.3373-4371-9603-21783,hellobot_coin25,1,legacy,2025-02-05,2025-02-08,Full,3
GPA.3374-6245-5597-91839,hellobot_coin10,1,legacy,2025-02-05,2025-02-08,Full,3
GPA.3381-6270-0532-94312,hellobot_coin10_for_first,1,legacy,2025-02-05,2025-02-08,Full,3
GPA.3386-9975-2146-38884,hellobot_coin25,1,legacy,2025-02-05,2025-02-08,Full,3
GPA.3392-4671-8167-72404,hellobot_coin150,1,legacy,2025-02-07,2025-02-08,Full,1
GPA.3396-0702-0718-83783,hellobot_coin150,1,legacy,2025-02-05,2025-02-08,Full,3
GPA.3302-1794-6627-18634,hellobot_coin100_fixed,1,legacy,2025-02-06,2025-02-09,Full,3
GPA.3309-3121-4308-01199,hellobot_coin100_fixed,1,legacy,2025-02-06,2025-02-09,Full,3
GPA.3312-3621-3258-62564,hellobot_coin150,1,legacy,2025-02-06,2025-02-09,Full,3
GPA.3316-4357-6073-01756,hellobot_coin10,1,legacy,2025-02-06,2025-02-09,Full,3
GPA.3317-3226-4869-89519,hellobot_coin25,1,legacy,2025-02-06,2025-02-09,Full,3
GPA.3323-4479-9871-42995,hellobot_coin25,1,legacy,2025-02-06,2025-02-09,Full,3
GPA.3326-2459-9772-60389,hellobot_coin150,1,legacy,2025-02-06,2025-02-09,Full,3
GPA.3336-5578-3025-70664,hellobot_coin10,1,legacy,2025-02-06,2025-02-09,Full,3
GPA.3342-8432-3420-06026,hellobot_coin50,1,legacy,2025-02-06,2025-02-09,Full,3
GPA.3343-8005-8909-07204,hellobot_coin10,1,legacy,2025-02-06,2025-02-09,Full,3
GPA.3349-7967-9651-87232,hellobot_coin150,1,legacy,2025-02-06,2025-02-09,Full,3
GPA.3359-5079-3428-61891,hellobot_coin100_fixed,1,legacy,2025-02-06,2025-02-09,Full,3
GPA.3362-2834-5871-25715,hellobot_coin50,1,legacy,2025-02-06,2025-02-09,Full,3
GPA.3373-8663-3674-29454,hellobot_coin10_for_first,1,legacy,2025-02-06,2025-02-09,Full,3
GPA.3376-7966-3824-02847,hellobot_coin25,1,legacy,2025-02-06,2025-02-09,Full,3
GPA.3378-5684-0869-05394,hellobot_coin10,1,legacy,2025-02-06,2025-02-09,Full,3
GPA.3386-8674-4763-37159,hellobot_coin10,1,legacy,2025-02-06,2025-02-09,Full,3
GPA.3387-0021-3772-05461,hellobot_coin150,1,legacy,2025-02-06,2025-02-09,Full,3
GPA.3390-1477-9117-62839,hellobot_coin150,1,legacy,2025-02-06,2025-02-09,Full,3
GPA.3391-0513-7654-98620,hellobot_coin25,1,legacy,2025-02-06,2025-02-09,Full,3
GPA.3391-8457-5711-32865,hellobot_coin150,1,legacy,2025-02-06,2025-02-09,Full,3
GPA.3395-0673-0674-74459,hellobot_coin50,1,legacy,2025-02-06,2025-02-09,Full,3
GPA.3303-3569-6435-33740,hellobot_coin75_fixed,1,legacy,2025-02-07,2025-02-10,Full,3
GPA.3304-1067-1956-25395,hellobot_coin100_fixed,1,new,2025-02-10,2025-02-10,Full,0
GPA.3307-4399-8874-19573,hellobot_coin200,1,new,2025-02-10,2025-02-10,Full,0
GPA.3308-4155-8082-56652,hellobot_coin150,1,new,2025-02-10,2025-02-10,Full,0
GPA.3308-4701-0093-55361,hellobot_coin200,1,new,2025-02-10,2025-02-10,Full,0
GPA.3309-4048-7798-61465,hellobot_coin10,1,legacy,2025-02-07,2025-02-10,Full,3
GPA.3310-2101-9202-32708,hellobot_coin200,1,new,2025-02-10,2025-02-10,Full,0
GPA.3310-2241-2251-25050,hellobot_coin150,1,new,2025-02-10,2025-02-10,Full,0
GPA.3311-1453-4437-89591,hellobot_membership_1month_26000,1,new,2025-02-10,2025-02-10,Full,0
GPA.3311-8177-1592-95547,hellobot_coin10,1,new,2025-02-10,2025-02-10,Full,0
GPA.3313-9632-5064-41203,hellobot_coin150,1,new,2025-02-10,2025-02-10,Full,0
GPA.3315-1813-1160-90975,hellobot_coin50,1,new,2025-02-10,2025-02-10,Full,0
GPA.3319-5127-5996-32292,hellobot_coin50,1,new,2025-02-10,2025-02-10,Full,0
GPA.3323-5786-3086-07196,hellobot_coin200,1,new,2025-02-10,2025-02-10,Full,0
GPA.3323-6124-6415-38223,hellobot_coin150,1,legacy,2025-02-07,2025-02-10,Full,3
GPA.3324-8183-1034-15857,hellobot_coin100_fixed,1,new,2025-02-10,2025-02-10,Full,0
GPA.3327-9762-0120-05119,hellobot_coin50,1,legacy,2025-02-07,2025-02-10,Full,3
GPA.3328-0214-1536-65649,hellobot_coin100_fixed,1,legacy,2025-02-07,2025-02-10,Full,3
GPA.3328-1405-4313-37144,hellobot_coin250,1,new,2025-02-10,2025-02-10,Full,0
GPA.3329-7684-2304-06636,hellobot_coin50,1,legacy,2025-02-07,2025-02-10,Full,3
GPA.3331-2013-4556-37789,hellobot_coin100_fixed,1,legacy,2025-02-07,2025-02-10,Full,3
GPA.3331-7596-2939-77005,hellobot_heart_330_timelimit,1,new,2025-02-10,2025-02-10,Full,0
GPA.3332-7025-3740-90707,hellobot_coin100_fixed,1,legacy,2025-02-07,2025-02-10,Full,3
GPA.3333-7331-3394-40457,hellobot_coin150,1,new,2025-02-10,2025-02-10,Full,0
GPA.3337-0010-1957-43836,hellobot_coin10,1,new,2025-02-10,2025-02-10,Full,0
GPA.3339-2718-6602-48882,hellobot_coin150,1,new,2025-02-10,2025-02-10,Full,0
GPA.3341-7360-9588-42393,hellobot_coin50,1,new,2025-02-10,2025-02-10,Full,0
GPA.3342-9686-7763-01140,hellobot_coin100_fixed,1,new,2025-02-10,2025-02-10,Full,0
GPA.3343-1502-3744-94764,hellobot_coin150,1,new,2025-02-10,2025-02-10,Full,0
GPA.3343-8094-5162-30597,hellobot_coin150,1,legacy,2025-02-07,2025-02-10,Full,3
GPA.3344-1373-4316-26287,hellobot_coin150,1,new,2025-02-10,2025-02-10,Full,0
GPA.3344-6507-8932-73538,hellobot_coin150,1,new,2025-02-10,2025-02-10,Full,0
GPA.3346-6079-0224-33418,hellobot_coin10,1,new,2025-02-10,2025-02-10,Full,0
GPA.3348-6589-2219-29364,hellobot_coin75_fixed,1,new,2025-02-10,2025-02-10,Full,0
GPA.3349-4225-1176-60081,hellobot_coin25,1,new,2025-02-10,2025-02-10,Full,0
GPA.3349-9509-9280-18020,hellobot_coin10,1,legacy,2025-02-07,2025-02-10,Full,3
GPA.3350-3958-7489-49310,hellobot_membership_1month_26000,1,new,2025-02-10,2025-02-10,Full,0
GPA.3350-6174-9668-45714,hellobot_coin10,1,legacy,2025-02-07,2025-02-10,Full,3
GPA.3351-9677-5346-21142,hellobot_coin10,1,legacy,2025-02-07,2025-02-10,Full,3
GPA.3352-3607-1319-06275,hellobot_coin25,1,new,2025-02-10,2025-02-10,Full,0
GPA.3352-8544-9760-05706,hellobot_coin100_fixed,1,new,2025-02-10,2025-02-10,Full,0
GPA.3353-8830-6043-74957,hellobot_coin100_fixed,1,new,2025-02-10,2025-02-10,Full,0
GPA.3355-8696-6701-77501,hellobot_coin150,1,new,2025-02-10,2025-02-10,Full,0
GPA.3355-9805-2790-63643,hellobot_coin10_for_first,1,new,2025-02-10,2025-02-10,Full,0
GPA.3357-0545-8735-47638,hellobot_coin150,1,legacy,2025-02-07,2025-02-10,Full,3
GPA.3357-8848-1177-56936,hellobot_coin100_fixed,1,legacy,2025-02-07,2025-02-10,Full,3
GPA.3358-6085-7441-93673,hellobot_heart_330_timelimit,1,new,2025-02-10,2025-02-10,Full,0
GPA.3360-6140-7633-30972,hellobot_coin10_for_first,1,legacy,2025-02-07,2025-02-10,Full,3
GPA.3360-7116-2728-52924,hellobot_coin100_fixed,1,new,2025-02-10,2025-02-10,Full,0
GPA.3361-0471-8599-19847,hellobot_coin10,1,legacy,2025-02-07,2025-02-10,Full,3
GPA.3361-5425-7302-12812,hellobot_coin75_fixed,1,new,2025-02-10,2025-02-10,Full,0
GPA.3365-2652-0928-64795,hellobot_coin10,1,legacy,2025-02-07,2025-02-10,Full,3
GPA.3368-2740-8941-71115,hellobot_coin150,1,legacy,2025-02-07,2025-02-10,Full,3
GPA.3368-3073-1910-47016,hellobot_coin10,1,new,2025-02-10,2025-02-10,Full,0
GPA.3368-4975-3658-82379,hellobot_coin150,1,legacy,2025-02-07,2025-02-10,Full,3
GPA.3369-5864-2271-44416,hellobot_coin10,1,legacy,2025-02-07,2025-02-10,Full,3
GPA.3371-0050-4974-25752,hellobot_membership_1month_26000,1,new,2025-02-10,2025-02-10,Full,0
GPA.3371-7259-5742-46081,hellobot_coin10_for_first,1,legacy,2025-02-07,2025-02-10,Full,3
GPA.3371-9430-9047-71796,hellobot_coin50,1,legacy,2025-02-07,2025-02-10,Full,3
GPA.3372-0491-8699-00615,hellobot_coin350,1,new,2025-02-10,2025-02-10,Full,0
GPA.3373-5007-6040-84003,hellobot_coin10,1,legacy,2025-02-07,2025-02-10,Full,3
GPA.3374-7813-6996-20709,hellobot_coin150,1,legacy,2025-02-07,2025-02-10,Full,3
GPA.3375-1223-9813-54653,hellobot_coin150,1,new,2025-02-10,2025-02-10,Full,0
GPA.3377-1104-7112-73388,hellobot_coin50,1,legacy,2025-02-07,2025-02-10,Full,3
GPA.3378-7208-0197-01717,hellobot_coin100_fixed,1,legacy,2025-02-07,2025-02-10,Full,3
GPA.3380-0162-6010-67266,hellobot_coin150,1,new,2025-02-10,2025-02-10,Full,0
GPA.3380-4401-4830-71787,hellobot_coin150,1,new,2025-02-10,2025-02-10,Full,0
GPA.3384-1949-8937-90690,hellobot_coin75_fixed,1,new,2025-02-10,2025-02-10,Full,0
GPA.3385-9711-3714-49838,hellobot_coin350,1,new,2025-02-10,2025-02-10,Full,0
GPA.3387-8287-3509-89389,hellobot_coin100_fixed,1,new,2025-02-10,2025-02-10,Full,0
GPA.3388-3599-8201-14235,hellobot_coin150,1,new,2025-02-10,2025-02-10,Full,0
GPA.3390-2437-7023-00942,hellobot_coin200,1,new,2025-02-10,2025-02-10,Full,0
GPA.3394-2991-1809-04607,hellobot_heart_330_timelimit,1,new,2025-02-10,2025-02-10,Full,0
GPA.3394-5837-9600-93960,hellobot_coin150,1,new,2025-02-10,2025-02-10,Full,0
GPA.3396-8429-8518-28069,hellobot_coin150,1,new,2025-02-10,2025-02-10,Full,0
GPA.3396-9738-6107-00072,hellobot_coin25,1,new,2025-02-10,2025-02-10,Full,0
GPA.3397-5380-7560-74461,hellobot_coin250,1,new,2025-02-10,2025-02-10,Full,0
GPA.3398-0467-7409-07127,hellobot_coin610_1,1,new,2025-02-10,2025-02-10,Full,0
GPA.3306-4795-3760-47189,hellobot_coin150,1,new,2025-02-10,2025-02-11,Full,1
GPA.3310-3450-0155-77941,hellobot_coin10,1,new,2025-02-11,2025-02-11,Full,0
GPA.3316-9736-3287-87454,hellobot_coin250,1,legacy,2025-02-08,2025-02-11,Full,3
GPA.3319-9965-7525-10267,hellobot_coin25,1,new,2025-02-11,2025-02-11,Full,0
GPA.3320-0085-2718-13198,hellobot_coin10,1,legacy,2025-02-08,2025-02-11,Full,3
GPA.3329-1318-9804-25649,hellobot_coin150,1,new,2025-02-10,2025-02-11,Full,1
GPA.3332-4053-2824-35019,hellobot_coin100_fixed,1,legacy,2025-02-08,2025-02-11,Full,3
GPA.3336-1564-1920-08782,hellobot_coin10,1,new,2025-02-10,2025-02-11,Full,1
GPA.3336-2379-2938-47395,hellobot_coin50,1,legacy,2025-02-08,2025-02-11,Full,3
GPA.3340-6531-9641-49530,hellobot_coin25,1,new,2025-02-11,2025-02-11,Full,0
GPA.3348-7463-7248-17437,hellobot_coin50,1,new,2025-02-10,2025-02-11,Full,1
GPA.3349-3807-3447-21428,hellobot_coin10,1,legacy,2025-02-08,2025-02-11,Full,3
GPA.3349-8200-1407-11160,hellobot_coin10,1,new,2025-02-11,2025-02-11,Full,0
GPA.3350-2214-5190-90996,hellobot_coin50,1,legacy,2025-02-08,2025-02-11,Full,3
GPA.3354-0901-8283-74819,hellobot_coin25,1,new,2025-02-10,2025-02-11,Full,1
GPA.3357-6944-3149-91343,hellobot_coin10,1,new,2025-02-11,2025-02-11,Full,0
GPA.3362-8012-8359-97965,hellobot_coin150,1,legacy,2025-02-08,2025-02-11,Full,3
GPA.3367-3627-6130-36625,hellobot_membership_1month_26000,1,new,2025-02-10,2025-02-11,Full,1
GPA.3367-8508-2409-87891,hellobot_coin75_fixed,1,legacy,2025-02-08,2025-02-11,Full,3
GPA.3368-4619-4206-89239,hellobot_coin100_fixed,1,legacy,2025-02-08,2025-02-11,Full,3
GPA.3370-7806-5294-50370,hellobot_coin50,1,legacy,2025-02-08,2025-02-11,Full,3
GPA.3378-2475-7565-61279,hellobot_coin150,1,legacy,2025-02-08,2025-02-11,Full,3
GPA.3379-2678-2414-10824,hellobot_coin100_fixed,1,new,2025-02-10,2025-02-11,Full,1
GPA.3381-9627-1356-74089,hellobot_heart_330_timelimit,1,new,2025-02-10,2025-02-11,Full,1
GPA.3386-4099-0466-17022,hellobot_coin100_fixed,1,legacy,2025-02-08,2025-02-11,Full,3
GPA.3390-3799-1920-67310,hellobot_coin100_fixed,1,legacy,2025-02-08,2025-02-11,Full,3
GPA.3392-4019-2607-01945,hellobot_coin25,1,new,2025-02-10,2025-02-11,Full,1
GPA.3394-8276-6011-99029,hellobot_coin50,1,legacy,2025-02-08,2025-02-11,Full,3
GPA.3395-7773-5925-37935,hellobot_heart_330_timelimit,1,legacy,2025-02-08,2025-02-11,Full,3
GPA.3396-6835-2570-49367,hellobot_coin50,1,legacy,2025-02-08,2025-02-11,Full,3
GPA.3303-0758-0777-12413,hellobot_coin50,1,legacy,2025-02-09,2025-02-12,Full,3
GPA.3303-6711-7267-84913,hellobot_coin25,1,legacy,2025-02-09,2025-02-12,Full,3
GPA.3304-8077-1046-25198,hellobot_coin150,1,legacy,2025-02-09,2025-02-12,Full,3
GPA.3305-4311-6997-28174,hellobot_coin50,1,legacy,2025-02-09,2025-02-12,Full,3
GPA.3313-5224-1873-31650,hellobot_coin25,1,legacy,2025-02-09,2025-02-12,Full,3
GPA.3332-0517-9962-73977,hellobot_coin10_for_first,1,legacy,2025-02-09,2025-02-12,Full,3
GPA.3334-0686-3212-95404,hellobot_coin50,1,legacy,2025-02-09,2025-02-12,Full,3
GPA.3336-3573-5707-37860,hellobot_coin100_fixed,1,legacy,2025-02-09,2025-02-12,Full,3
GPA.3338-9877-9171-42027,hellobot_coin100_fixed,1,legacy,2025-02-09,2025-02-12,Full,3
GPA.3342-5753-4198-57548,hellobot_coin100_fixed,1,legacy,2025-02-09,2025-02-12,Full,3
GPA.3347-0211-2303-74227,hellobot_coin25,1,legacy,2025-02-09,2025-02-12,Full,3
GPA.3356-1604-3373-18864,hellobot_coin10,1,legacy,2025-02-09,2025-02-12,Full,3
GPA.3366-0638-4300-26723,hellobot_coin10,1,legacy,2025-02-09,2025-02-12,Full,3
GPA.3366-8876-2862-67567,hellobot_coin100_fixed,1,legacy,2025-02-09,2025-02-12,Full,3
GPA.3373-1192-6745-51533,hellobot_coin150,1,legacy,2025-02-09,2025-02-12,Full,3
GPA.3397-1437-1475-67772,hellobot_coin610_1,1,legacy,2025-02-09,2025-02-12,Full,3
GPA.3399-5300-7434-76383,hellobot_coin10,1,legacy,2025-02-09,2025-02-12,Full,3
GPA.3300-9132-8719-57465,hellobot_heart_330_timelimit,1,new,2025-02-10,2025-02-13,Full,3
GPA.3303-3815-9210-30014,hellobot_coin10,1,legacy,2025-02-10,2025-02-13,Full,3
GPA.3305-2830-9598-37990,hellobot_coin150,1,new,2025-02-10,2025-02-13,Full,3
GPA.3306-1500-9721-11406,hellobot_coin150,1,new,2025-02-13,2025-02-13,Full,0
GPA.3306-9363-3687-83305,hellobot_coin250,1,legacy,2025-02-10,2025-02-13,Full,3
GPA.3311-3765-0529-31123,hellobot_coin25,1,new,2025-02-10,2025-02-13,Full,3
GPA.3312-8604-2635-38176,hellobot_coin100_fixed,1,new,2025-02-10,2025-02-13,Full,3
GPA.3318-4228-9357-85585,hellobot_coin100_fixed,1,new,2025-02-10,2025-02-13,Full,3
GPA.3320-8160-8467-02099,hellobot_coin100_fixed,1,new,2025-02-10,2025-02-13,Full,3
GPA.3321-2120-0945-35592,hellobot_coin50,1,new,2025-02-10,2025-02-13,Full,3
GPA.3321-5351-6343-67117,hellobot_coin10,1,new,2025-02-10,2025-02-13,Full,3
GPA.3325-9779-4009-96016,hellobot_coin100_fixed,1,legacy,2025-02-10,2025-02-13,Full,3
GPA.3328-5076-9819-01333,hellobot_coin610_1,1,new,2025-02-10,2025-02-13,Full,3
GPA.3329-7146-3598-11094,hellobot_coin10,1,new,2025-02-10,2025-02-13,Full,3
GPA.3330-6810-7249-70603,hellobot_coin50,1,new,2025-02-10,2025-02-13,Full,3
GPA.3330-7917-1633-21121,hellobot_coin150,1,new,2025-02-10,2025-02-13,Full,3
GPA.3332-3948-7450-54571,hellobot_coin75_fixed,1,new,2025-02-10,2025-02-13,Full,3
GPA.3332-9761-8316-27540,hellobot_coin10,1,new,2025-02-10,2025-02-13,Full,3
GPA.3333-8188-6816-46440,hellobot_coin100_fixed,1,new,2025-02-12,2025-02-13,Full,1
GPA.3334-7022-8775-66134,hellobot_coin50,1,legacy,2025-02-10,2025-02-13,Full,3
GPA.3337-0704-2481-32676,hellobot_coin75_fixed,1,new,2025-02-10,2025-02-13,Full,3
GPA.3337-4200-8491-02605,hellobot_coin200,1,new,2025-02-10,2025-02-13,Full,3
GPA.3340-1498-3519-38008,hellobot_coin10_for_first,1,new,2025-02-10,2025-02-13,Full,3
GPA.3344-7006-9758-34970,hellobot_coin100_fixed,1,new,2025-02-10,2025-02-13,Full,3
GPA.3344-7325-7144-29411,hellobot_coin200,1,new,2025-02-10,2025-02-13,Full,3
GPA.3346-1991-6511-33526,hellobot_coin200,1,new,2025-02-10,2025-02-13,Full,3
GPA.3347-3143-6725-59323,hellobot_coin200,1,new,2025-02-10,2025-02-13,Full,3
GPA.3349-6982-1864-72370,hellobot_coin150,1,new,2025-02-10,2025-02-13,Full,3
GPA.3354-3960-8485-65879,hellobot_coin610_1,1,new,2025-02-10,2025-02-13,Full,3
GPA.3355-1758-9803-81040,hellobot_coin150,1,new,2025-02-10,2025-02-13,Full,3
GPA.3358-4091-0742-61568,hellobot_coin25,1,new,2025-02-10,2025-02-13,Full,3
GPA.3359-2914-6599-63514,hellobot_coin100_fixed,1,new,2025-02-10,2025-02-13,Full,3
GPA.3360-4862-6958-40218,hellobot_coin10,1,new,2025-02-10,2025-02-13,Full,3
GPA.3362-6109-1044-77927,hellobot_coin100_fixed,1,new,2025-02-10,2025-02-13,Full,3
GPA.3365-4494-6005-69047,hellobot_coin100_fixed,1,new,2025-02-10,2025-02-13,Full,3
GPA.3365-8383-5661-07828,hellobot_coin75_fixed,1,new,2025-02-10,2025-02-13,Full,3
GPA.3365-9434-2835-17032,hellobot_coin50,1,new,2025-02-10,2025-02-13,Full,3
GPA.3366-3936-5246-58726,hellobot_coin100_fixed,1,new,2025-02-10,2025-02-13,Full,3
GPA.3366-5482-0341-62023,hellobot_coin150,1,legacy,2025-02-10,2025-02-13,Full,3
GPA.3369-5106-1789-51009,hellobot_coin50,1,new,2025-02-10,2025-02-13,Full,3
GPA.3370-8933-1256-47726,hellobot_coin10,1,new,2025-02-10,2025-02-13,Full,3
GPA.3371-7320-7674-56386,hellobot_coin150,1,new,2025-02-10,2025-02-13,Full,3
GPA.3373-6568-3727-41219,hellobot_coin200,1,new,2025-02-10,2025-02-13,Full,3
GPA.3376-1984-1023-83455,hellobot_coin50,1,new,2025-02-10,2025-02-13,Full,3
GPA.3376-6245-7972-51125,hellobot_coin150,1,new,2025-02-10,2025-02-13,Full,3
GPA.3376-7328-2463-50499,hellobot_coin150,1,new,2025-02-10,2025-02-13,Full,3
GPA.3378-1771-4094-19591,hellobot_coin100_fixed,1,new,2025-02-10,2025-02-13,Full,3
GPA.3379-6128-8826-02050,hellobot_heart_330_timelimit,1,new,2025-02-10,2025-02-13,Full,3
GPA.3380-4240-9570-84143,hellobot_coin150,1,new,2025-02-10,2025-02-13,Full,3
GPA.3384-3778-2118-47856,hellobot_coin150,1,legacy,2025-02-07,2025-02-13,Full,6
GPA.3384-9385-2836-71140,hellobot_coin150,1,new,2025-02-10,2025-02-13,Full,3
GPA.3385-9725-8571-63512,hellobot_coin150,1,new,2025-02-10,2025-02-13,Full,3
GPA.3387-1384-3343-51357,hellobot_coin150,1,new,2025-02-10,2025-02-13,Full,3
GPA.3388-1774-8539-74364,hellobot_heart_330_timelimit,1,new,2025-02-10,2025-02-13,Full,3
GPA.3392-7036-7005-86558,hellobot_coin610_1,1,new,2025-02-10,2025-02-13,Full,3
GPA.3392-7211-0500-73110,hellobot_coin150,1,new,2025-02-10,2025-02-13,Full,3
GPA.3393-6949-8201-46588,hellobot_coin150,1,new,2025-02-10,2025-02-13,Full,3
GPA.3398-2054-2878-63111,hellobot_coin150,1,new,2025-02-10,2025-02-13,Full,3
GPA.3300-5856-9459-48074,hellobot_coin100_fixed,1,new,2025-02-11,2025-02-14,Full,3
GPA.3313-0133-6294-86469,hellobot_coin10_for_first,1,new,2025-02-11,2025-02-14,Full,3
GPA.3320-2834-7691-53614,hellobot_coin75_fixed,1,new,2025-02-11,2025-02-14,Full,3
GPA.3328-0469-3502-43703,hellobot_coin150,1,new,2025-02-11,2025-02-14,Full,3
GPA.3331-5813-2982-48977,hellobot_coin50,1,new,2025-02-11,2025-02-14,Full,3
GPA.3340-6972-2773-18452,hellobot_coin150,1,new,2025-02-11,2025-02-14,Full,3
GPA.3358-6091-9154-45458,hellobot_coin10,1,new,2025-02-11,2025-02-14,Full,3
GPA.3358-6844-1524-44511,hellobot_coin10_for_first,1,new,2025-02-11,2025-02-14,Full,3
GPA.3366-2793-0108-40571,hellobot_coin150,1,new,2025-02-11,2025-02-14,Full,3
GPA.3368-4092-8692-33045,hellobot_coin100_fixed,1,new,2025-02-11,2025-02-14,Full,3
GPA.3374-5278-7739-79631,hellobot_coin150,1,new,2025-02-14,2025-02-14,Full,0
GPA.3380-3979-2281-85570,hellobot_coin100_fixed,1,new,2025-02-11,2025-02-14,Full,3
GPA.3386-2283-7060-78173,hellobot_coin100_fixed,1,new,2025-02-11,2025-02-14,Full,3
GPA.3300-2382-7640-32118,hellobot_coin50,1,new,2025-02-12,2025-02-15,Full,3
GPA.3308-5229-8062-03162,hellobot_coin75_fixed,1,new,2025-02-12,2025-02-15,Full,3
GPA.3310-9856-3967-02137,hellobot_coin150,1,new,2025-02-12,2025-02-15,Full,3
GPA.3323-6362-2895-53884,hellobot_coin10_for_first,1,new,2025-02-12,2025-02-15,Full,3
GPA.3326-3079-7497-89001,hellobot_coin10,1,new,2025-02-12,2025-02-15,Full,3
GPA.3329-3282-7197-72433,hellobot_coin10,1,new,2025-02-12,2025-02-15,Full,3
GPA.3329-6873-2931-14718,hellobot_coin200,1,new,2025-02-12,2025-02-15,Full,3
GPA.3331-8818-1473-09720,hellobot_coin50,1,new,2025-02-12,2025-02-15,Full,3
GPA.3349-2198-2188-71783,hellobot_coin100_fixed,1,new,2025-02-12,2025-02-15,Full,3
GPA.3358-9988-4538-47337,hellobot_coin25,1,new,2025-02-12,2025-02-15,Full,3
GPA.3359-8889-1631-82626,hellobot_coin10,1,new,2025-02-12,2025-02-15,Full,3
GPA.3361-3896-8101-77455,hellobot_coin25,1,new,2025-02-12,2025-02-15,Full,3
GPA.3364-5059-0000-20314,hellobot_coin10_for_first,1,new,2025-02-12,2025-02-15,Full,3
GPA.3303-0835-9424-42671,hellobot_coin350,1,new,2025-02-13,2025-02-16,Full,3
GPA.3308-1784-9746-81205,hellobot_coin150,1,new,2025-02-13,2025-02-16,Full,3
GPA.3309-5914-5523-88858,hellobot_coin150,1,new,2025-02-13,2025-02-16,Full,3
GPA.3318-3052-4316-79455,hellobot_coin10,1,new,2025-02-13,2025-02-16,Full,3
GPA.3320-8316-1758-29539,hellobot_coin150,1,new,2025-02-13,2025-02-16,Full,3
GPA.3339-6843-6691-12065,hellobot_coin100_fixed,1,new,2025-02-13,2025-02-16,Full,3
GPA.3345-2565-2242-75596,hellobot_coin250,1,new,2025-02-13,2025-02-16,Full,3
GPA.3347-9562-0040-80776,hellobot_coin50,1,new,2025-02-13,2025-02-16,Full,3
GPA.3350-9622-5718-24816,hellobot_coin25,1,new,2025-02-13,2025-02-16,Full,3
GPA.3383-3301-8736-10184,hellobot_coin150,1,new,2025-02-13,2025-02-16,Full,3
GPA.3303-6699-7839-07236,hellobot_coin100_fixed,1,new,2025-02-14,2025-02-17,Full,3
GPA.3303-7431-9997-15684,hellobot_coin10_for_first,1,new,2025-02-14,2025-02-17,Full,3
GPA.3306-7724-3660-78158,hellobot_coin50,1,new,2025-02-14,2025-02-17,Full,3
GPA.3307-5017-9038-83005,hellobot_coin350,1,new,2025-02-17,2025-02-17,Full,0
GPA.3314-6551-9086-31381,hellobot_coin25,1,new,2025-02-14,2025-02-17,Full,3
GPA.3319-1750-3283-71657,hellobot_coin50,1,new,2025-02-14,2025-02-17,Full,3
GPA.3324-9101-5325-63718,hellobot_coin100_fixed,1,new,2025-02-14,2025-02-17,Full,3
GPA.3325-0037-8154-33246,hellobot_coin10_for_first,1,new,2025-02-14,2025-02-17,Full,3
GPA.3326-4110-1668-01076,hellobot_coin75_fixed,1,new,2025-02-14,2025-02-17,Full,3
GPA.3338-0561-4769-03523,hellobot_coin150,1,new,2025-02-17,2025-02-17,Full,0
GPA.3350-6065-0613-17949,hellobot_coin150,1,new,2025-02-14,2025-02-17,Full,3
GPA.3350-6606-9945-89940,hellobot_coin50,1,new,2025-02-14,2025-02-17,Full,3
GPA.3365-5084-2270-81425,hellobot_coin150,1,new,2025-02-14,2025-02-17,Full,3
GPA.3369-7994-3939-55632,hellobot_coin10_for_first,1,new,2025-02-14,2025-02-17,Full,3
GPA.3375-9707-8249-00665,hellobot_coin100_fixed,1,new,2025-02-14,2025-02-17,Full,3
GPA.3382-7649-3757-41114,hellobot_coin10,1,new,2025-02-14,2025-02-17,Full,3
GPA.3306-9995-2051-50611,hellobot_coin150,1,new,2025-02-15,2025-02-18,Full,3
GPA.3308-3913-7006-63493,hellobot_coin150,1,new,2025-02-15,2025-02-18,Full,3
GPA.3317-1833-6248-45073,hellobot_coin200,1,new,2025-02-15,2025-02-18,Full,3
GPA.3324-1755-4016-71773,hellobot_coin100_fixed,1,new,2025-02-15,2025-02-18,Full,3
GPA.3325-2020-7393-56658,hellobot_coin50,1,new,2025-02-15,2025-02-18,Full,3
GPA.3333-8473-5899-63530,hellobot_coin100_fixed,1,new,2025-02-15,2025-02-18,Full,3
GPA.3337-1065-1709-68967,hellobot_coin100_fixed,1,new,2025-02-15,2025-02-18,Full,3
GPA.3338-9871-6568-96164,hellobot_coin100_fixed,1,new,2025-02-15,2025-02-18,Full,3
GPA.3351-3046-2145-56979,hellobot_coin50,1,new,2025-02-15,2025-02-18,Full,3
GPA.3364-4324-4631-70740,hellobot_coin150,1,new,2025-02-17,2025-02-18,Full,1
GPA.3374-6616-9493-52184,hellobot_coin100_fixed,1,new,2025-02-15,2025-02-18,Full,3
GPA.3378-4662-3998-84542,hellobot_coin150,1,new,2025-02-15,2025-02-18,Full,3
GPA.3379-6220-8983-98741,hellobot_coin10,1,new,2025-02-15,2025-02-18,Full,3
GPA.3390-5300-3868-04463,hellobot_coin75_fixed,1,new,2025-02-15,2025-02-18,Full,3
GPA.3399-3557-5557-57058,hellobot_coin150,1,new,2025-02-15,2025-02-18,Full,3
GPA.3302-1149-8841-43595,hellobot_coin150,1,new,2025-02-16,2025-02-19,Full,3
GPA.3312-3947-4903-33812,hellobot_coin50,1,new,2025-02-16,2025-02-19,Full,3
GPA.3319-8461-8428-80733,hellobot_coin150,1,new,2025-02-16,2025-02-19,Full,3
GPA.3321-6535-4478-88674,hellobot_coin100_fixed,1,new,2025-02-16,2025-02-19,Full,3
GPA.3324-7465-6520-66880,hellobot_coin100_fixed,1,new,2025-02-16,2025-02-19,Full,3
GPA.3329-0288-0752-01032,hellobot_coin10,1,new,2025-02-16,2025-02-19,Full,3
GPA.3346-5330-2979-69952,hellobot_coin10,1,new,2025-02-16,2025-02-19,Full,3
GPA.3355-0489-6284-08594,hellobot_coin75_fixed,1,new,2025-02-16,2025-02-19,Full,3
GPA.3358-2071-2006-98007,hellobot_coin10,1,new,2025-02-16,2025-02-19,Full,3
GPA.3360-1932-0086-79587,hellobot_heart_330_timelimit,1,new,2025-02-15,2025-02-19,Full,4
GPA.3364-9492-3776-12399,hellobot_coin10,1,new,2025-02-16,2025-02-19,Full,3
GPA.3368-5104-5487-86602,hellobot_coin150,1,new,2025-02-16,2025-02-19,Full,3
GPA.3371-5489-8547-43876,hellobot_coin25,1,new,2025-02-16,2025-02-19,Full,3
GPA.3376-0428-5341-92038,hellobot_coin25,1,new,2025-02-16,2025-02-19,Full,3
GPA.3377-3071-5178-81937,hellobot_coin100_fixed,1,new,2025-02-19,2025-02-19,Full,0
GPA.3379-7077-6536-51213,hellobot_coin100_fixed,1,new,2025-02-16,2025-02-19,Full,3
GPA.3382-2933-7918-18616,hellobot_coin150,1,new,2025-02-16,2025-02-19,Full,3
GPA.3383-3629-7356-64710,hellobot_coin10,1,new,2025-02-16,2025-02-19,Full,3
GPA.3388-6658-1106-78381,hellobot_coin150,1,new,2025-02-16,2025-02-19,Full,3
GPA.3301-2970-6980-75614,hellobot_heart_330_timelimit,1,new,2025-02-18,2025-02-20,Full,2
GPA.3310-9337-5867-15757,hellobot_coin100_fixed,1,new,2025-02-17,2025-02-20,Full,3
GPA.3312-8070-3989-97531,hellobot_coin200,1,new,2025-02-17,2025-02-20,Full,3
GPA.3313-4925-2619-02368,hellobot_coin100_fixed,1,new,2025-02-17,2025-02-20,Full,3
GPA.3315-6163-5072-87408,hellobot_coin75_fixed,1,new,2025-02-17,2025-02-20,Full,3
GPA.3315-6927-0631-09724,hellobot_coin150,1,new,2025-02-17,2025-02-20,Full,3
GPA.3318-5880-0961-12154,hellobot_coin250,1,new,2025-02-17,2025-02-20,Full,3
GPA.3318-7699-5649-94176,hellobot_coin10,1,new,2025-02-17,2025-02-20,Full,3
GPA.3323-9429-3925-65844,hellobot_coin75_fixed,1,new,2025-02-17,2025-02-20,Full,3
GPA.3332-7912-4827-21051,hellobot_coin50,1,new,2025-02-17,2025-02-20,Full,3
GPA.3339-8488-8328-70833,hellobot_coin150,1,new,2025-02-17,2025-02-20,Full,3
GPA.3341-0118-7728-49796,hellobot_coin10,1,new,2025-02-17,2025-02-20,Full,3
GPA.3341-0220-0804-06770,hellobot_coin25,1,new,2025-02-17,2025-02-20,Full,3
GPA.3360-8037-2661-54931,hellobot_coin150,1,new,2025-02-17,2025-02-20,Full,3
GPA.3369-2765-0718-78707,hellobot_coin100_fixed,1,new,2025-02-17,2025-02-20,Full,3
GPA.3372-4512-3351-70229,hellobot_coin100_fixed,1,new,2025-02-17,2025-02-20,Full,3
GPA.3377-3859-4593-78486,hellobot_coin25,1,new,2025-02-17,2025-02-20,Full,3
GPA.3387-7896-5280-11657,hellobot_coin75_fixed,1,new,2025-02-17,2025-02-20,Full,3
GPA.3392-8086-5907-86212,hellobot_coin10,1,new,2025-02-17,2025-02-20,Full,3
GPA.3394-6658-2639-64683,hellobot_coin150,1,new,2025-02-17,2025-02-20,Full,3
GPA.3394-7192-5880-54729,hellobot_coin75_fixed,1,new,2025-02-17,2025-02-20,Full,3
GPA.3300-2682-2130-28456,hellobot_coin75_fixed,1,new,2025-02-18,2025-02-21,Full,3
GPA.3304-1519-3238-18072,hellobot_coin250,1,new,2025-02-18,2025-02-21,Full,3
GPA.3305-8093-6715-74820,hellobot_coin100_fixed,1,new,2025-02-18,2025-02-21,Full,3
GPA.3307-3682-9125-88602,hellobot_coin10,1,new,2025-02-18,2025-02-21,Full,3
GPA.3307-5572-5834-72231,hellobot_coin50,1,new,2025-02-18,2025-02-21,Full,3
GPA.3327-8372-4302-57817,hellobot_coin150,1,new,2025-02-18,2025-02-21,Full,3
GPA.3329-2489-9497-48783,hellobot_coin25,1,new,2025-02-18,2025-02-21,Full,3
GPA.3339-0466-2952-69036,hellobot_coin10,1,new,2025-02-18,2025-02-21,Full,3
GPA.3341-9948-3086-66195,hellobot_coin150,1,new,2025-02-18,2025-02-21,Full,3
GPA.3345-6789-8999-60140,hellobot_coin350,1,new,2025-02-18,2025-02-21,Full,3
GPA.3348-8683-8193-12425,hellobot_coin50,1,new,2025-02-18,2025-02-21,Full,3
GPA.3350-3850-0641-28871,hellobot_coin150,1,new,2025-02-18,2025-02-21,Full,3
GPA.3352-1732-2364-49499,hellobot_coin150,1,new,2025-02-18,2025-02-21,Full,3
GPA.3355-1729-7563-23149,hellobot_coin150,1,new,2025-02-18,2025-02-21,Full,3
GPA.3355-1948-7931-70142,hellobot_coin350,1,new,2025-02-18,2025-02-21,Full,3
GPA.3358-6513-2348-05395,hellobot_coin25,1,new,2025-02-18,2025-02-21,Full,3
GPA.3359-5345-4623-23166,hellobot_coin100_fixed,1,new,2025-02-18,2025-02-21,Full,3
GPA.3359-8275-2302-23232,hellobot_coin100_fixed,1,new,2025-02-18,2025-02-21,Full,3
GPA.3370-2450-3000-59003,hellobot_coin350,1,new,2025-02-18,2025-02-21,Full,3
GPA.3371-1803-6120-13208,hellobot_coin75_fixed,1,new,2025-02-18,2025-02-21,Full,3
GPA.3377-3994-5697-85460,hellobot_coin150,1,new,2025-02-18,2025-02-21,Full,3
GPA.3378-7569-1654-32200,hellobot_heart_330_timelimit,1,new,2025-02-18,2025-02-21,Full,3
GPA.3379-6746-5526-52638,hellobot_coin10_for_first,1,new,2025-02-18,2025-02-21,Full,3
GPA.3379-7104-9661-89540,hellobot_coin10,1,new,2025-02-18,2025-02-21,Full,3
GPA.3382-0613-7788-52930,hellobot_coin50,1,new,2025-02-18,2025-02-21,Full,3
GPA.3383-5711-0824-56891,hellobot_coin250,1,new,2025-02-18,2025-02-21,Full,3
GPA.3385-5614-4712-70963,hellobot_coin150,1,new,2025-02-18,2025-02-21,Full,3
GPA.3394-5529-2505-52574,hellobot_coin10_for_first,1,new,2025-02-18,2025-02-21,Full,3
GPA.3300-2249-4732-89611,hellobot_coin10,1,new,2025-02-19,2025-02-22,Full,3
GPA.3302-0428-3735-93593,hellobot_coin150,1,new,2025-02-22,2025-02-22,Full,0
GPA.3317-2802-9074-37187,hellobot_coin100_fixed,1,new,2025-02-19,2025-02-22,Full,3
GPA.3324-3208-7231-97376,hellobot_coin100_fixed,1,new,2025-02-19,2025-02-22,Full,3
GPA.3325-9243-3300-19540,hellobot_coin10_for_first,1,new,2025-02-19,2025-02-22,Full,3
GPA.3326-6421-8972-46207,hellobot_coin50,1,new,2025-02-19,2025-02-22,Full,3
GPA.3341-5152-0655-39156,hellobot_coin150,1,new,2025-02-19,2025-02-22,Full,3
GPA.3349-9476-9141-68776,hellobot_coin100_fixed,1,new,2025-02-21,2025-02-22,Full,1
GPA.3353-1608-9492-28201,hellobot_coin150,1,new,2025-02-22,2025-02-22,Full,0
GPA.3361-1799-5721-98816,hellobot_coin150,1,new,2025-02-19,2025-02-22,Full,3
GPA.3373-2513-8097-58416,hellobot_coin610_1,1,new,2025-02-19,2025-02-22,Full,3
GPA.3373-8759-2397-28058,hellobot_coin50,1,new,2025-02-19,2025-02-22,Full,3
GPA.3376-8433-7561-33031,hellobot_coin10,1,new,2025-02-19,2025-02-22,Full,3
GPA.3384-2184-0837-48657,hellobot_coin150,1,new,2025-02-19,2025-02-22,Full,3
GPA.3392-2134-4901-51354,hellobot_coin25,1,new,2025-02-19,2025-02-22,Full,3
GPA.3311-0854-0494-97278,hellobot_coin150,1,new,2025-02-23,2025-02-23,Full,0
GPA.3330-4028-8117-06344,hellobot_coin150,1,new,2025-02-20,2025-02-23,Full,3
GPA.3344-1980-0710-71845,hellobot_coin200,1,new,2025-02-20,2025-02-23,Full,3
GPA.3344-3244-4751-68005,hellobot_coin25,1,new,2025-02-20,2025-02-23,Full,3
GPA.3353-3131-8644-39673,hellobot_coin50,1,new,2025-02-20,2025-02-23,Full,3
GPA.3374-9747-9535-82301,hellobot_coin25,1,new,2025-02-20,2025-02-23,Full,3
GPA.3377-4207-4684-84721,hellobot_coin10,1,new,2025-02-20,2025-02-23,Full,3
GPA.3380-0253-5119-48383,hellobot_coin25,1,new,2025-02-20,2025-02-23,Full,3
GPA.3386-6254-7728-89247,hellobot_coin50,1,new,2025-02-20,2025-02-23,Full,3
GPA.3388-0186-5144-59176,hellobot_coin25,1,new,2025-02-20,2025-02-23,Full,3
GPA.3302-0550-1838-54817,hellobot_coin75_fixed,1,new,2025-02-21,2025-02-24,Full,3
GPA.3305-3986-2822-59938,hellobot_coin150,1,new,2025-02-21,2025-02-24,Full,3
GPA.3305-8881-8532-07388,hellobot_coin100_fixed,1,new,2025-02-21,2025-02-24,Full,3
GPA.3309-7044-1752-74361,hellobot_coin100_fixed,1,new,2025-02-21,2025-02-24,Full,3
GPA.3315-3229-3375-39390,hellobot_coin10_for_first,1,new,2025-02-21,2025-02-24,Full,3
GPA.3319-5239-2059-92407,hellobot_coin150,1,new,2025-02-21,2025-02-24,Full,3
GPA.3325-6393-2860-72502,hellobot_coin25,1,new,2025-02-21,2025-02-24,Full,3
GPA.3327-8043-3682-75655,hellobot_coin25,1,new,2025-02-21,2025-02-24,Full,3
GPA.3328-8330-5367-72989,hellobot_coin200,1,new,2025-02-21,2025-02-24,Full,3
GPA.3331-1981-5391-32639,hellobot_coin50,1,new,2025-02-21,2025-02-24,Full,3
GPA.3331-4508-8195-07407,hellobot_coin10,1,new,2025-02-21,2025-02-24,Full,3
GPA.3335-4717-5488-02240,hellobot_coin10_for_first,1,new,2025-02-21,2025-02-24,Full,3
GPA.3336-2451-9034-60487,hellobot_coin150,1,new,2025-02-21,2025-02-24,Full,3
GPA.3337-8112-6360-24951,hellobot_coin75_fixed,1,new,2025-02-21,2025-02-24,Full,3
GPA.3357-0449-4452-58749,hellobot_coin150,1,new,2025-02-21,2025-02-24,Full,3
GPA.3357-3928-2624-51592,hellobot_coin50,1,new,2025-02-21,2025-02-24,Full,3
GPA.3357-4819-8465-68832,hellobot_coin350,1,new,2025-02-21,2025-02-24,Full,3
GPA.3361-0207-9158-79376,hellobot_membership_1month_26000,1,new,2025-02-22,2025-02-24,Full,2
GPA.3371-6385-4467-68199,hellobot_coin150,1,new,2025-02-21,2025-02-24,Full,3
GPA.3372-6885-8845-85946,hellobot_coin25,1,new,2025-02-21,2025-02-24,Full,3
GPA.3381-9553-7563-96881,hellobot_coin75_fixed,1,new,2025-02-21,2025-02-24,Full,3
GPA.3384-5274-6879-14146,hellobot_coin50,1,new,2025-02-21,2025-02-24,Full,3
GPA.3396-3141-6274-58797,hellobot_coin150,1,new,2025-02-21,2025-02-24,Full,3
GPA.3306-5041-4801-66269,hellobot_coin200,1,new,2025-02-22,2025-02-25,Full,3
GPA.3309-7689-2483-76793,hellobot_coin25,1,new,2025-02-22,2025-02-25,Full,3
GPA.3311-7108-9954-10534,hellobot_coin75_fixed,1,new,2025-02-22,2025-02-25,Full,3
GPA.3321-1972-0743-81199,hellobot_coin100_fixed,1,new,2025-02-22,2025-02-25,Full,3
GPA.3324-4551-4812-46745,hellobot_coin100_fixed,1,new,2025-02-22,2025-02-25,Full,3
GPA.3328-2809-8235-45312,hellobot_coin100_fixed,1,new,2025-02-22,2025-02-25,Full,3
GPA.3329-4146-7215-21529,hellobot_coin150,1,new,2025-02-22,2025-02-25,Full,3
GPA.3335-2243-6901-87492,hellobot_coin25,1,new,2025-02-22,2025-02-25,Full,3
GPA.3339-1478-2898-14617,hellobot_coin200,1,new,2025-02-22,2025-02-25,Full,3
GPA.3340-6653-8049-57330,hellobot_coin75_fixed,1,new,2025-02-22,2025-02-25,Full,3
GPA.3343-8490-1548-68167,hellobot_coin250,1,new,2025-02-22,2025-02-25,Full,3
GPA.3350-8466-0647-63603,hellobot_coin10,1,new,2025-02-22,2025-02-25,Full,3
GPA.3361-7136-9177-99603,hellobot_heart_330_timelimit,1,new,2025-02-22,2025-02-25,Full,3
GPA.3368-3447-5289-45797,hellobot_heart_200_timelimit,1,new,2025-02-22,2025-02-25,Full,3
GPA.3376-2885-2047-97703,hellobot_coin100_fixed,1,new,2025-02-22,2025-02-25,Full,3
GPA.3379-5943-4019-84084,hellobot_coin100_fixed,1,new,2025-02-22,2025-02-25,Full,3
GPA.3380-2714-7958-94346,hellobot_coin75_fixed,1,new,2025-02-22,2025-02-25,Full,3
GPA.3382-3307-6701-50856,hellobot_coin150,1,new,2025-02-22,2025-02-25,Full,3
GPA.3392-0767-0292-21580,hellobot_coin350,1,new,2025-02-22,2025-02-25,Full,3
GPA.3392-5512-8677-51590,hellobot_coin25,1,new,2025-02-22,2025-02-25,Full,3
GPA.3302-3266-7898-29378,hellobot_coin150,1,new,2025-02-23,2025-02-26,Full,3
GPA.3305-1026-0804-05978,hellobot_coin150,1,new,2025-02-23,2025-02-26,Full,3
GPA.3305-6523-6841-38077,hellobot_coin50,1,new,2025-02-23,2025-02-26,Full,3
GPA.3305-8331-7416-24933,hellobot_coin150,1,new,2025-02-23,2025-02-26,Full,3
GPA.3307-1372-4087-34365,hellobot_coin50,1,new,2025-02-23,2025-02-26,Full,3
GPA.3307-4704-2662-96486,hellobot_coin25,1,new,2025-02-23,2025-02-26,Full,3
GPA.3308-7376-3153-38454,hellobot_coin100_fixed,1,new,2025-02-23,2025-02-26,Full,3
GPA.3322-3547-0948-99757,hellobot_coin100_fixed,1,new,2025-02-23,2025-02-26,Full,3
GPA.3323-4782-5032-66945,hellobot_coin25,1,new,2025-02-23,2025-02-26,Full,3
GPA.3330-9834-8746-46383,hellobot_coin150,1,new,2025-02-26,2025-02-26,Full,0
GPA.3335-1476-6000-09946,hellobot_coin100_fixed,1,new,2025-02-23,2025-02-26,Full,3
GPA.3352-0059-8434-55748,hellobot_coin10,1,new,2025-02-26,2025-02-26,Full,0
GPA.3361-6054-3030-89147,hellobot_coin150,1,new,2025-02-23,2025-02-26,Full,3
GPA.3370-9502-9336-28251,hellobot_coin10,1,new,2025-02-23,2025-02-26,Full,3
GPA.3379-1799-0663-61323,hellobot_coin75_fixed,1,new,2025-02-23,2025-02-26,Full,3
GPA.3383-7752-0157-59792,hellobot_coin10,1,new,2025-02-23,2025-02-26,Full,3
GPA.3387-4406-4921-55903,hellobot_coin10,1,new,2025-02-26,2025-02-26,Full,0
GPA.3388-7698-6881-53371,hellobot_coin25,1,new,2025-02-23,2025-02-26,Full,3
GPA.3389-5473-1786-04143,hellobot_coin50,1,new,2025-02-23,2025-02-26,Full,3
GPA.3393-0471-4344-63595,hellobot_coin75_fixed,1,new,2025-02-23,2025-02-26,Full,3
GPA.3399-5070-4161-36049,hellobot_coin25,1,new,2025-02-23,2025-02-26,Full,3
GPA.3399-5106-0691-67686,hellobot_coin610_1,1,new,2025-02-23,2025-02-26,Full,3
GPA.3305-8510-1742-39989,hellobot_coin25,1,new,2025-02-24,2025-02-27,Full,3
GPA.3316-5169-5464-00567,hellobot_coin100_fixed,1,new,2025-02-24,2025-02-27,Full,3
GPA.3317-2814-7764-52040,hellobot_coin150,1,new,2025-02-24,2025-02-27,Full,3
GPA.3318-2599-7364-32001,hellobot_coin25,1,new,2025-02-24,2025-02-27,Full,3
GPA.3320-1640-1661-68771,hellobot_coin75_fixed,1,new,2025-02-24,2025-02-27,Full,3
GPA.3322-9456-0858-62592,hellobot_coin350,1,new,2025-02-24,2025-02-27,Full,3
GPA.3327-2467-9467-18066,hellobot_coin100_fixed,1,new,2025-02-24,2025-02-27,Full,3
GPA.3329-3266-1673-98576,hellobot_coin10,1,new,2025-02-24,2025-02-27,Full,3
GPA.3329-9780-1840-58329,hellobot_coin610_1,1,new,2025-02-24,2025-02-27,Full,3
GPA.3344-0806-0475-34416,hellobot_coin10,1,new,2025-02-24,2025-02-27,Full,3
GPA.3351-6618-3984-08909,hellobot_coin25,1,new,2025-02-24,2025-02-27,Full,3
GPA.3368-6433-0832-70900,hellobot_coin150,1,new,2025-02-24,2025-02-27,Full,3
GPA.3369-9263-2014-85778,hellobot_coin150,1,new,2025-02-24,2025-02-27,Full,3
GPA.3376-4523-4554-66511,hellobot_coin25,1,new,2025-02-24,2025-02-27,Full,3
GPA.3387-0962-0206-85237,hellobot_coin10,1,new,2025-02-24,2025-02-27,Full,3
GPA.3387-7117-4540-48156,hellobot_coin75_fixed,1,new,2025-02-24,2025-02-27,Full,3
GPA.3393-7382-8318-36452,hellobot_coin150,1,new,2025-02-24,2025-02-27,Full,3
GPA.3395-5460-9129-52819,hellobot_coin150,1,new,2025-02-24,2025-02-27,Full,3
GPA.3395-5861-7631-71392,hellobot_coin50,1,new,2025-02-24,2025-02-27,Full,3
GPA.3398-3998-9895-23994,hellobot_coin100_fixed,1,new,2025-02-24,2025-02-27,Full,3
GPA.3399-9825-5045-78126,hellobot_coin250,1,new,2025-02-24,2025-02-27,Full,3
GPA.3300-9406-0104-60306,hellobot_coin150,1,new,2025-02-25,2025-02-28,Full,3
GPA.3301-1565-9663-63974,hellobot_coin25,1,new,2025-02-25,2025-02-28,Full,3
GPA.3306-0595-9612-08870,hellobot_coin100_fixed,1,new,2025-02-25,2025-02-28,Full,3
GPA.3308-1370-2807-92540,hellobot_coin150,1,new,2025-02-25,2025-02-28,Full,3
GPA.3308-9247-7957-35208,hellobot_coin150,1,new,2025-02-25,2025-02-28,Full,3
GPA.3312-6844-0049-63160,hellobot_coin10_for_first,1,new,2025-02-25,2025-02-28,Full,3
GPA.3317-2605-2526-74710,hellobot_coin10,1,new,2025-02-25,2025-02-28,Full,3
GPA.3318-1218-7040-01815,hellobot_coin10_for_first,1,new,2025-02-25,2025-02-28,Full,3
GPA.3321-9501-6989-56085,hellobot_coin10,1,new,2025-02-25,2025-02-28,Full,3
GPA.3322-9399-9519-30792,hellobot_coin150,1,new,2025-02-25,2025-02-28,Full,3
GPA.3326-9260-2197-34744,hellobot_coin250,1,new,2025-02-25,2025-02-28,Full,3
GPA.3330-7874-4194-23880,hellobot_coin75_fixed,1,new,2025-02-25,2025-02-28,Full,3
GPA.3330-8181-4837-07823,hellobot_coin250,1,new,2025-02-28,2025-02-28,Full,0
GPA.3331-1270-6090-38986,hellobot_coin10,1,new,2025-02-27,2025-02-28,Full,1
GPA.3332-8728-2235-96520,hellobot_heart_200_timelimit,1,new,2025-02-25,2025-02-28,Full,3
GPA.3338-1403-3268-51169,hellobot_coin10,1,new,2025-02-25,2025-02-28,Full,3
GPA.3342-2622-7736-93088,hellobot_coin200,1,new,2025-02-25,2025-02-28,Full,3
GPA.3345-7561-9859-28743,hellobot_coin75_fixed,1,new,2025-02-25,2025-02-28,Full,3
GPA.3364-1166-8224-20878,hellobot_heart_330_timelimit,1,new,2025-02-25,2025-02-28,Full,3
GPA.3366-0610-2189-44264,hellobot_coin10,1,new,2025-02-25,2025-02-28,Full,3
GPA.3370-3551-3267-01170,hellobot_heart_200_timelimit,1,new,2025-02-25,2025-02-28,Full,3
GPA.3372-5409-9222-88450,hellobot_coin25,1,new,2025-02-25,2025-02-28,Full,3
GPA.3373-6184-2557-52575,hellobot_coin10_for_first,1,new,2025-02-25,2025-02-28,Full,3
GPA.3373-6315-4804-16821,hellobot_coin50,1,new,2025-02-25,2025-02-28,Full,3
GPA.3388-0184-8876-60931,hellobot_coin25,1,new,2025-02-25,2025-02-28,Full,3
GPA.3389-7474-9976-30554,hellobot_coin10,1,new,2025-02-25,2025-02-28,Full,3
GPA.3304-4953-7417-49221,hellobot_coin10,1,new,2025-02-26,2025-03-01,Full,3
GPA.3307-3182-9423-05206,hellobot_coin100_fixed,1,new,2025-02-26,2025-03-01,Full,3
GPA.3308-4041-9756-60593,hellobot_coin25,1,new,2025-02-26,2025-03-01,Full,3
GPA.3309-5521-0713-80854,hellobot_coin150,1,new,2025-02-26,2025-03-01,Full,3
GPA.3309-9504-6452-38993,hellobot_coin10,1,new,2025-02-26,2025-03-01,Full,3
GPA.3310-6989-3885-97365,hellobot_coin150,1,new,2025-02-26,2025-03-01,Full,3
GPA.3311-4096-4170-74642,hellobot_coin200,1,new,2025-02-25,2025-03-01,Full,4
GPA.3314-5044-3279-60724,hellobot_coin10,1,new,2025-02-26,2025-03-01,Full,3
GPA.3327-0073-7538-86257,hellobot_coin25,1,new,2025-02-26,2025-03-01,Full,3
GPA.3331-3398-9734-96633,hellobot_coin75_fixed,1,new,2025-02-26,2025-03-01,Full,3
GPA.3336-2339-1087-85207,hellobot_coin250,1,new,2025-02-26,2025-03-01,Full,3
GPA.3343-0691-1123-78948,hellobot_coin150,1,new,2025-02-26,2025-03-01,Full,3
GPA.3343-7218-0518-43167,hellobot_coin50,1,new,2025-02-26,2025-03-01,Full,3
GPA.3344-2371-3023-54561,hellobot_coin150,1,new,2025-02-26,2025-03-01,Full,3
GPA.3345-4092-0323-95635,hellobot_coin100_fixed,1,new,2025-02-26,2025-03-01,Full,3
GPA.3345-4183-5468-84542,hellobot_coin10,1,new,2025-02-26,2025-03-01,Full,3
GPA.3346-5954-6417-48236,hellobot_coin25,1,new,2025-02-26,2025-03-01,Full,3
GPA.3349-2214-7973-55258,hellobot_coin50,1,new,2025-02-26,2025-03-01,Full,3
GPA.3350-1797-4250-06470,hellobot_coin250,1,new,2025-02-26,2025-03-01,Full,3
GPA.3355-1823-5117-71989,hellobot_coin100_fixed,1,new,2025-02-26,2025-03-01,Full,3
GPA.3361-3394-2313-58145,hellobot_coin50,1,new,2025-02-26,2025-03-01,Full,3
GPA.3367-5802-8520-84741,hellobot_coin200,1,new,2025-02-26,2025-03-01,Full,3
GPA.3368-3153-1419-33499,hellobot_coin75_fixed,1,new,2025-03-01,2025-03-01,Full,0
GPA.3369-3626-4025-89313,hellobot_coin25,1,new,2025-02-26,2025-03-01,Full,3
GPA.3372-9809-6408-86563,hellobot_coin100_fixed,1,new,2025-02-26,2025-03-01,Full,3
GPA.3377-5286-6650-66815,hellobot_coin100_fixed,1,new,2025-02-26,2025-03-01,Full,3
GPA.3380-2569-5675-25432,hellobot_coin150,1,new,2025-02-26,2025-03-01,Full,3
GPA.3386-5497-6601-31701,hellobot_coin50,1,new,2025-02-26,2025-03-01,Full,3
GPA.3389-9473-3713-88397,hellobot_coin100_fixed,1,new,2025-02-26,2025-03-01,Full,3
GPA.3390-1259-2420-76659,hellobot_coin150,1,new,2025-02-26,2025-03-01,Full,3
GPA.3394-3426-7648-13681,hellobot_coin610_1,1,new,2025-02-26,2025-03-01,Full,3
GPA.3300-1137-3292-43364,hellobot_heart_330_timelimit,1,new,2025-03-02,2025-03-02,Full,0
GPA.3302-5479-5913-24743,hellobot_coin100_fixed,1,new,2025-02-27,2025-03-02,Full,3
GPA.3303-7253-7878-13570,hellobot_coin50,1,new,2025-02-27,2025-03-02,Full,3
GPA.3315-1615-6121-77146,hellobot_coin10,1,new,2025-02-27,2025-03-02,Full,3
GPA.3316-1482-2855-21442,hellobot_coin100_fixed,1,new,2025-02-27,2025-03-02,Full,3
GPA.3317-8585-0791-96995,hellobot_coin75_fixed,1,new,2025-02-27,2025-03-02,Full,3
GPA.3320-5200-7842-19539,hellobot_coin150,1,new,2025-02-27,2025-03-02,Full,3
GPA.3321-9107-4861-33764,hellobot_coin100_fixed,1,new,2025-02-27,2025-03-02,Full,3
GPA.3323-4681-6810-18929,hellobot_coin350,1,new,2025-02-27,2025-03-02,Full,3
GPA.3332-1992-4392-84121,hellobot_coin25,1,new,2025-02-27,2025-03-02,Full,3
GPA.3332-6620-7944-98248,hellobot_coin150,1,new,2025-02-27,2025-03-02,Full,3
GPA.3341-6757-6035-52946,hellobot_coin50,1,new,2025-02-27,2025-03-02,Full,3
GPA.3350-9230-0904-34783,hellobot_coin610_1,1,new,2025-02-27,2025-03-02,Full,3
GPA.3352-8661-7712-93116,hellobot_coin100_fixed,1,new,2025-02-27,2025-03-02,Full,3
GPA.3374-1765-4521-08179,hellobot_membership_1month_26000,1,new,2025-02-27,2025-03-02,Full,3
GPA.3381-2701-8111-01618,hellobot_coin100_fixed,1,new,2025-02-27,2025-03-02,Full,3
GPA.3389-1127-0496-06594,hellobot_coin75_fixed,1,new,2025-02-27,2025-03-02,Full,3
GPA.3391-2777-9057-39301,hellobot_coin25,1,new,2025-02-27,2025-03-02,Full,3
GPA.3392-8625-4863-06796,hellobot_coin10,1,new,2025-02-27,2025-03-02,Full,3
GPA.3394-5085-4256-95773,hellobot_coin25,1,new,2025-02-27,2025-03-02,Full,3
GPA.3300-0453-0254-94774,hellobot_coin200,1,new,2025-02-28,2025-03-03,Full,3
GPA.3302-3035-9864-97070,hellobot_coin100_fixed,1,new,2025-03-03,2025-03-03,Full,0
GPA.3307-2886-1846-97916,hellobot_coin50,1,new,2025-02-28,2025-03-03,Full,3
GPA.3307-8106-0997-91072,hellobot_coin150,1,new,2025-03-03,2025-03-03,Full,0
GPA.3317-2976-8987-48533,hellobot_coin10,1,new,2025-02-28,2025-03-03,Full,3
GPA.3322-2990-1620-06179,hellobot_coin10,1,new,2025-02-28,2025-03-03,Full,3
GPA.3324-0129-4047-42926,hellobot_coin150,1,new,2025-02-28,2025-03-03,Full,3
GPA.3328-0778-8361-75926,hellobot_coin10,1,new,2025-02-28,2025-03-03,Full,3
GPA.3332-8310-7237-91786,hellobot_coin50,1,new,2025-02-28,2025-03-03,Full,3
GPA.3334-3584-9422-37370,hellobot_coin10,1,new,2025-02-28,2025-03-03,Full,3
GPA.3336-1347-8160-07789,hellobot_coin100_fixed,1,new,2025-02-28,2025-03-03,Full,3
GPA.3337-0957-2601-03243,hellobot_coin50,1,new,2025-02-28,2025-03-03,Full,3
GPA.3342-1137-5261-89590,hellobot_coin100_fixed,1,new,2025-02-28,2025-03-03,Full,3
GPA.3343-4650-0961-38419,hellobot_membership_1month_26000,1,new,2025-02-28,2025-03-03,Full,3
GPA.3343-8117-3603-66829,hellobot_coin150,1,new,2025-02-28,2025-03-03,Full,3
GPA.3343-8347-4786-15773,hellobot_coin25,1,new,2025-02-28,2025-03-03,Full,3
GPA.3349-8326-1880-51868,hellobot_coin10,1,new,2025-02-28,2025-03-03,Full,3
GPA.3358-4619-7953-11724,hellobot_coin200,1,new,2025-02-26,2025-03-03,Full,5
GPA.3359-0065-9844-12974,hellobot_coin100_fixed,1,new,2025-02-26,2025-03-03,Full,5
GPA.3361-2550-5929-38738,hellobot_coin250,1,new,2025-02-26,2025-03-03,Full,5
GPA.3372-2198-3143-94508,hellobot_coin75_fixed,1,new,2025-02-28,2025-03-03,Full,3
GPA.3374-9134-6840-79503,hellobot_coin100_fixed,1,new,2025-02-26,2025-03-03,Full,5
GPA.3375-8198-9977-11744,hellobot_coin250,1,new,2025-02-28,2025-03-03,Full,3
GPA.3377-0610-1230-19617,hellobot_coin50,1,new,2025-02-28,2025-03-03,Full,3
GPA.3393-1272-3455-49009,hellobot_coin50,1,new,2025-03-02,2025-03-03,Full,1
GPA.3397-2720-7574-78543,hellobot_coin10,1,new,2025-02-26,2025-03-03,Full,5
GPA.3304-0088-8540-42025,hellobot_coin10,1,new,2025-03-01,2025-03-04,Full,3
GPA.3307-6043-0128-93979,hellobot_coin10,1,new,2025-03-01,2025-03-04,Full,3
GPA.3313-8193-8739-35965,hellobot_coin200,1,new,2025-03-04,2025-03-04,Full,0
GPA.3314-6095-5248-70834,hellobot_coin150,1,new,2025-03-01,2025-03-04,Full,3
GPA.3326-3202-2171-85726,hellobot_coin10,1,new,2025-03-04,2025-03-04,Full,0
GPA.3331-1863-8512-11741,hellobot_coin10,1,new,2025-03-01,2025-03-04,Full,3
GPA.3333-7142-6186-35842,hellobot_coin75_fixed,1,new,2025-03-01,2025-03-04,Full,3
GPA.3339-7778-9353-86805,hellobot_coin50,1,new,2025-03-01,2025-03-04,Full,3
GPA.3343-1926-4985-77422,hellobot_coin10_for_first,1,new,2025-03-01,2025-03-04,Full,3
GPA.3346-8348-1200-25860,hellobot_coin250,1,new,2025-03-01,2025-03-04,Full,3
GPA.3351-3419-8031-56556,hellobot_coin10,1,new,2025-03-01,2025-03-04,Full,3
GPA.3353-4205-0513-73026,hellobot_coin150,1,new,2025-03-04,2025-03-04,Full,0
GPA.3354-7448-6896-86118,hellobot_coin50,1,new,2025-03-01,2025-03-04,Full,3
GPA.3362-8510-4631-24738,hellobot_coin10,1,new,2025-03-04,2025-03-04,Full,0
GPA.3372-3395-0425-17841,hellobot_coin610_1,1,new,2025-02-28,2025-03-04,Full,4
GPA.3377-3214-2224-41451,hellobot_coin10,1,new,2025-03-04,2025-03-04,Full,0
GPA.3384-8618-3939-11935,hellobot_coin100_fixed,1,new,2025-03-01,2025-03-04,Full,3
GPA.3388-3755-3704-64862,hellobot_coin150,1,new,2025-03-01,2025-03-04,Full,3
GPA.3395-2886-8278-36043,hellobot_coin10,1,new,2025-03-04,2025-03-04,Full,0
GPA.3395-5173-3612-72162,hellobot_coin200,1,new,2025-03-01,2025-03-04,Full,3
GPA.3397-4800-0561-87636,hellobot_coin150,1,new,2025-03-01,2025-03-04,Full,3
GPA.3399-5317-9505-75074,hellobot_coin50,1,new,2025-03-03,2025-03-04,Full,1
GPA.3300-6917-9798-92145,hellobot_coin150,1,new,2025-03-02,2025-03-05,Full,3
GPA.3301-7695-8152-46135,hellobot_coin250,1,new,2025-03-02,2025-03-05,Full,3
GPA.3306-9584-8550-25275,hellobot_coin100_fixed,1,new,2025-03-02,2025-03-05,Full,3
GPA.3309-8822-5897-09740,hellobot_membership_1month_26000,1,new,2025-03-05,2025-03-05,Full,0
GPA.3310-6285-3945-52015,hellobot_coin100_fixed,1,new,2025-03-02,2025-03-05,Full,3
GPA.3311-3494-5324-93939,hellobot_coin50,1,new,2025-03-02,2025-03-05,Full,3
GPA.3314-5734-2348-29063,hellobot_coin25,1,new,2025-03-02,2025-03-05,Full,3
GPA.3320-2666-6595-52550,hellobot_coin25,1,new,2025-03-05,2025-03-05,Full,0
GPA.3320-4509-4005-89771,hellobot_coin25,1,new,2025-03-02,2025-03-05,Full,3
GPA.3321-7808-4988-70611,hellobot_membership_1month_26000,1,new,2025-03-05,2025-03-05,Full,0
GPA.3327-2720-2176-07990,hellobot_coin25,1,new,2025-03-02,2025-03-05,Full,3
GPA.3337-9539-0615-59577,hellobot_coin25,1,new,2025-03-05,2025-03-05,Full,0
GPA.3339-0680-1061-04546,hellobot_coin350,1,new,2025-03-05,2025-03-05,Full,0
GPA.3339-1951-2923-05518,hellobot_coin10_for_first,1,new,2025-03-02,2025-03-05,Full,3
GPA.3341-7399-6278-18966,hellobot_coin25,1,new,2025-03-02,2025-03-05,Full,3
GPA.3343-2781-5562-41556,hellobot_coin150,1,new,2025-03-02,2025-03-05,Full,3
GPA.3350-5692-6487-79158,hellobot_coin200,1,new,2025-03-02,2025-03-05,Full,3
GPA.3358-3434-9420-90433,hellobot_coin100_fixed,1,new,2025-03-02,2025-03-05,Full,3
GPA.3360-1344-1692-69312,hellobot_coin150,1,new,2025-03-02,2025-03-05,Full,3
GPA.3364-0819-6446-51191,hellobot_coin10,1,new,2025-03-02,2025-03-05,Full,3
GPA.3366-6705-2923-69691,hellobot_heart_200_timelimit,1,new,2025-03-02,2025-03-05,Full,3
GPA.3372-0932-9568-24204,hellobot_coin50,1,new,2025-03-02,2025-03-05,Full,3
GPA.3385-4094-7715-17300,hellobot_coin150,1,new,2025-03-02,2025-03-05,Full,3
GPA.3395-1413-8952-98817,hellobot_coin150,1,new,2025-03-02,2025-03-05,Full,3
GPA.3398-8518-4902-27983,hellobot_coin50,1,new,2025-03-02,2025-03-05,Full,3
GPA.3399-8732-9804-21610,hellobot_heart_330_timelimit,1,new,2025-03-02,2025-03-05,Full,3
GPA.3306-5642-6444-15350,hellobot_coin150,1,new,2025-03-03,2025-03-06,Full,3
GPA.3307-8513-2141-30588,hellobot_coin100_fixed,1,new,2025-03-03,2025-03-06,Full,3
GPA.3308-7977-5128-22795,hellobot_coin50,1,new,2025-03-03,2025-03-06,Full,3
GPA.3316-6706-8791-87784,hellobot_coin10,1,new,2025-03-03,2025-03-06,Full,3
GPA.3319-9201-2907-66684,hellobot_coin10,1,new,2025-03-03,2025-03-06,Full,3
GPA.3321-2347-2100-52764,hellobot_heart_330_timelimit,1,new,2025-03-03,2025-03-06,Full,3
GPA.3325-5034-5237-33069,hellobot_coin100_fixed,1,new,2025-03-03,2025-03-06,Full,3
GPA.3337-1729-3535-37020,hellobot_coin100_fixed,1,new,2025-03-03,2025-03-06,Full,3
GPA.3348-0277-5150-21368,hellobot_coin75_fixed,1,new,2025-03-03,2025-03-06,Full,3
GPA.3353-4285-8381-10431,hellobot_coin25,1,new,2025-03-03,2025-03-06,Full,3
GPA.3363-6343-4204-36705,hellobot_coin25,1,new,2025-03-03,2025-03-06,Full,3
GPA.3365-4965-5140-54830,hellobot_coin10,1,new,2025-03-06,2025-03-06,Full,0
GPA.3367-9080-3418-32935,hellobot_coin75_fixed,1,new,2025-03-03,2025-03-06,Full,3
GPA.3370-2251-7538-19831,hellobot_coin75_fixed,1,new,2025-03-03,2025-03-06,Full,3
GPA.3371-9816-0609-37312,hellobot_coin100_fixed,1,new,2025-03-03,2025-03-06,Full,3
GPA.3377-3426-5672-80735,hellobot_coin25,1,new,2025-03-03,2025-03-06,Full,3
GPA.3381-9137-2815-06418,hellobot_coin150,1,new,2025-03-03,2025-03-06,Full,3
GPA.3382-4142-4320-02979,hellobot_coin100_fixed,1,new,2025-03-03,2025-03-06,Full,3
GPA.3388-9317-0351-37225,hellobot_coin50,1,new,2025-03-06,2025-03-06,Full,0
GPA.3392-6510-5364-79519,hellobot_coin25,1,new,2025-03-03,2025-03-06,Full,3
GPA.3397-1636-9505-18803,hellobot_heart_200_timelimit,1,new,2025-03-03,2025-03-06,Full,3
GPA.3399-3674-8390-17542,hellobot_coin10,1,new,2025-03-03,2025-03-06,Full,3
GPA.3313-7062-2711-33571,hellobot_coin10_for_first,1,new,2025-03-04,2025-03-07,Full,3
GPA.3320-1301-1834-47875,hellobot_coin350,1,new,2025-03-04,2025-03-07,Full,3
GPA.3331-2058-9824-49891,hellobot_coin75_fixed,1,new,2025-03-04,2025-03-07,Full,3
GPA.3335-6522-0988-17898,hellobot_coin100_fixed,1,new,2025-03-04,2025-03-07,Full,3
GPA.3336-9876-1086-20977,hellobot_membership_1month_26000,1,new,2025-03-04,2025-03-07,Full,3
GPA.3339-8712-4543-46109,hellobot_coin50,1,new,2025-03-04,2025-03-07,Full,3
GPA.3342-4439-9771-69591,hellobot_coin10,1,new,2025-03-04,2025-03-07,Full,3
GPA.3343-7102-1715-97187,hellobot_coin25,1,new,2025-03-06,2025-03-07,Full,1
GPA.3348-9395-6171-77258,hellobot_heart_330_timelimit,1,new,2025-03-04,2025-03-07,Full,3
GPA.3368-6831-9129-60633,hellobot_coin10,1,new,2025-03-04,2025-03-07,Full,3
GPA.3375-1632-5826-76529,hellobot_heart_200_timelimit,1,new,2025-03-04,2025-03-07,Full,3
GPA.3381-7242-6616-19455,hellobot_coin25,1,new,2025-03-04,2025-03-07,Full,3
GPA.3387-4292-5332-92260,hellobot_coin50,1,new,2025-03-04,2025-03-07,Full,3
GPA.3391-6906-4172-82572,hellobot_coin75_fixed,1,new,2025-03-04,2025-03-07,Full,3
GPA.3395-6338-0304-43480,hellobot_coin50,1,new,2025-03-04,2025-03-07,Full,3
GPA.3397-8025-3466-29556,hellobot_coin150,1,new,2025-03-06,2025-03-07,Full,1
GPA.3301-2544-5769-75151,hellobot_coin10,1,new,2025-03-05,2025-03-08,Full,3
GPA.3305-4296-1061-49105,hellobot_coin10_for_first,1,new,2025-03-05,2025-03-08,Full,3
GPA.3312-5786-7741-41956,hellobot_coin150,1,new,2025-03-08,2025-03-08,Full,0
GPA.3323-4697-2273-20876,hellobot_coin150,1,new,2025-03-05,2025-03-08,Full,3
GPA.3340-7964-6789-53824,hellobot_coin50,1,new,2025-03-05,2025-03-08,Full,3
GPA.3358-3017-7525-17294,hellobot_coin50,1,new,2025-03-05,2025-03-08,Full,3
GPA.3385-9994-8296-88194,hellobot_coin100_fixed,1,new,2025-03-05,2025-03-08,Full,3
GPA.3387-2248-4015-25238,hellobot_coin150,1,new,2025-03-05,2025-03-08,Full,3
GPA.3389-2179-3857-42317,hellobot_coin100_fixed,1,new,2025-03-06,2025-03-08,Full,2
GPA.3397-6901-4254-06665,hellobot_coin200,1,new,2025-03-05,2025-03-08,Full,3
GPA.3399-4714-1651-55581,hellobot_coin10,1,new,2025-03-05,2025-03-08,Full,3
GPA.3399-6645-5439-28250,hellobot_coin150,1,new,2025-03-05,2025-03-08,Full,3
GPA.3330-8892-6900-25623,hellobot_coin50,1,new,2025-03-06,2025-03-09,Full,3
GPA.3333-1769-2848-17412,hellobot_coin50,1,new,2025-03-09,2025-03-09,Full,0
GPA.3333-2101-2692-23626,hellobot_coin150,1,new,2025-03-08,2025-03-09,Full,1
GPA.3333-7993-7818-54500,hellobot_coin150,1,new,2025-03-06,2025-03-09,Full,3
GPA.3334-4448-8094-52618,hellobot_coin350,1,new,2025-03-06,2025-03-09,Full,3
GPA.3337-4177-9058-80356,hellobot_coin10,1,new,2025-03-06,2025-03-09,Full,3
GPA.3361-9928-6580-44359,hellobot_coin10,1,new,2025-03-06,2025-03-09,Full,3
GPA.3365-8489-7232-20375,hellobot_heart_330_timelimit,1,new,2025-03-06,2025-03-09,Full,3
GPA.3371-3794-9236-97103,hellobot_coin25,1,new,2025-03-06,2025-03-09,Full,3
GPA.3373-9451-2438-72904,hellobot_coin10_for_first,1,new,2025-03-06,2025-03-09,Full,3
GPA.3378-8308-8480-74616,hellobot_heart_330_timelimit,1,new,2025-03-06,2025-03-09,Full,3
GPA.3384-9129-5140-46504,hellobot_coin150,1,new,2025-03-06,2025-03-09,Full,3
GPA.3300-7028-6464-17584,hellobot_coin10,1,new,2025-03-05,2025-03-10,Full,5
GPA.3303-9633-4668-99704,hellobot_coin10,1,new,2025-03-04,2025-03-10,Full,6
GPA.3305-3054-5218-25315,hellobot_coin10,1,new,2025-03-04,2025-03-10,Full,6
GPA.3315-2464-1546-11380,hellobot_coin10,1,new,2025-03-04,2025-03-10,Full,6
GPA.3316-3030-2388-14091,hellobot_coin10,1,new,2025-03-04,2025-03-10,Full,6
GPA.3316-4291-6361-25341,hellobot_coin75_fixed,1,new,2025-03-04,2025-03-10,Full,6
GPA.3318-5565-0997-91792,hellobot_coin150,1,new,2025-03-07,2025-03-10,Full,3
GPA.3326-1338-0191-98081,hellobot_coin150,1,new,2025-03-07,2025-03-10,Full,3
GPA.3329-3515-8871-99735,hellobot_coin10,1,new,2025-03-04,2025-03-10,Full,6
GPA.3337-5013-4345-15814,hellobot_membership_1month_26000,1,new,2025-03-09,2025-03-10,Full,1
GPA.3342-5046-3345-25027,hellobot_coin25,1,new,2025-03-09,2025-03-10,Full,1
GPA.3346-6380-2590-08182,hellobot_membership_1month_26000,1,new,2025-03-05,2025-03-10,Full,5
GPA.3351-6206-1694-91613,hellobot_coin10,1,new,2025-03-04,2025-03-10,Full,6
GPA.3352-7854-2591-18375,hellobot_coin10,1,new,2025-03-05,2025-03-10,Full,5
GPA.3355-0904-9852-71600,hellobot_coin25,1,new,2025-03-04,2025-03-10,Full,6
GPA.3356-3115-0777-30499,hellobot_membership_1month_26000,1,new,2025-03-10,2025-03-10,Full,0
GPA.3360-1738-9737-12347,hellobot_coin10,1,new,2025-03-09,2025-03-10,Full,1
GPA.3361-0510-2092-14442,banjihoon_talktime_pass_7days,1,new,2025-03-04,2025-03-10,Full,6
GPA.3362-5097-9381-74476,hellobot_coin25,1,new,2025-03-10,2025-03-10,Full,0
GPA.3362-6879-6618-42226,hellobot_coin250,1,new,2025-03-07,2025-03-10,Full,3
GPA.3364-9082-1960-73600,hellobot_coin10,1,new,2025-03-04,2025-03-10,Full,6
GPA.3367-6090-6919-84901,hellobot_coin25,1,new,2025-03-04,2025-03-10,Full,6
GPA.3370-4559-8072-11372,hellobot_coin25,1,new,2025-03-07,2025-03-10,Full,3
GPA.3377-0115-7431-16610,hellobot_coin10,1,new,2025-03-09,2025-03-10,Full,1
GPA.3381-8384-5866-59541,hellobot_coin10,1,new,2025-03-04,2025-03-10,Full,6
GPA.3382-4729-6557-90710,hellobot_membership_1month_26000,1,new,2025-03-10,2025-03-10,Full,0
GPA.3383-3989-4769-72562,hellobot_coin10,1,new,2025-03-04,2025-03-10,Full,6
GPA.3385-7744-5712-67535,hellobot_membership_1month_26000,1,new,2025-03-10,2025-03-10,Full,0
GPA.3386-5478-6459-60912,hellobot_coin10,1,new,2025-03-04,2025-03-10,Full,6
GPA.3386-6931-6384-84178,hellobot_coin25,1,new,2025-03-09,2025-03-10,Full,1
GPA.3391-7781-4424-32268,hellobot_coin10,1,new,2025-03-09,2025-03-10,Full,1
GPA.3393-5672-2646-20551,hellobot_coin10,1,new,2025-03-04,2025-03-10,Full,6
GPA.3393-9159-7805-01923,hellobot_coin10,1,new,2025-03-04,2025-03-10,Full,6
GPA.3397-9523-4047-56355,hellobot_coin10,1,new,2025-03-09,2025-03-10,Full,1
GPA.3305-8875-2060-04110,hellobot_coin150,1,new,2025-03-08,2025-03-11,Full,3
GPA.3398-7839-4538-02448,hellobot_coin10,1,new,2025-03-08,2025-03-11,Full,3
GPA.3389-2006-7553-91264,hellobot_coin100_fixed,1,new,2025-03-11,2025-03-12,Full,1
GPA.3303-1535-0751-32388,hellobot_coin150,1,new,2025-03-10,2025-03-13,Full,3
GPA.3308-1254-0248-99041,hellobot_membership_1month_26000,1,new,2025-03-10,2025-03-13,Full,3
GPA.3309-6366-1183-36602,hellobot_coin25,1,new,2025-03-10,2025-03-13,Full,3
GPA.3310-4545-3245-48572,hellobot_coin10,1,new,2025-03-10,2025-03-13,Full,3
GPA.3335-1239-5917-27385,hellobot_coin25,1,new,2025-03-09,2025-03-13,Full,4
GPA.3346-5562-4047-67950,hellobot_coin10,1,new,2025-03-09,2025-03-13,Full,4
GPA.3350-0281-1140-85478,hellobot_coin10,1,new,2025-03-09,2025-03-13,Full,4
GPA.3354-9500-1322-88370,hellobot_coin10,1,new,2025-03-10,2025-03-13,Full,3
GPA.3361-4565-8110-23984,hellobot_coin10,1,new,2025-03-09,2025-03-13,Full,4
GPA.3361-7092-4065-74895,hellobot_coin10,1,new,2025-03-09,2025-03-13,Full,4
GPA.3376-5292-1387-48835,hellobot_coin10,1,new,2025-03-10,2025-03-13,Full,3
GPA.3381-0604-1738-84280,hellobot_coin25,1,new,2025-03-09,2025-03-13,Full,4
GPA.3382-0455-3352-56084,hellobot_coin10,1,new,2025-03-09,2025-03-13,Full,4
GPA.3383-2432-3974-15766,hellobot_coin10,1,new,2025-03-10,2025-03-13,Full,3
GPA.3393-4493-7557-52764,hellobot_coin10,1,new,2025-03-09,2025-03-13,Full,4
GPA.3395-7016-4042-01312,hellobot_coin10,1,new,2025-03-10,2025-03-13,Full,3
GPA.3312-7516-1502-10746,hellobot_coin150,1,new,2025-03-11,2025-03-14,Full,3
GPA.3315-3013-3488-91637,hellobot_coin50,1,new,2025-03-11,2025-03-14,Full,3
GPA.3365-7591-6875-59261,hellobot_coin75_fixed,1,new,2025-03-11,2025-03-14,Full,3
GPA.3386-4386-6411-16782,hellobot_coin250,1,new,2025-03-11,2025-03-14,Full,3
GPA.3330-2732-1689-17144,hellobot_coin25,1,new,2025-03-12,2025-03-15,Full,3
GPA.3387-4233-9784-74379,hellobot_coin200,1,new,2025-03-12,2025-03-15,Full,3
GPA.3307-9371-0624-99738,hellobot_coin150,1,new,2025-03-13,2025-03-16,Full,3
GPA.3361-7040-6475-07047,hellobot_coin250,1,new,2025-03-13,2025-03-16,Full,3
GPA.3363-9761-1636-47840,hellobot_coin10_for_first,1,new,2025-03-13,2025-03-16,Full,3
GPA.3366-7850-3334-32704,hellobot_coin150,1,new,2025-03-15,2025-03-16,Full,1
GPA.3388-6371-0056-91949,hellobot_coin10,1,new,2025-03-13,2025-03-16,Full,3
GPA.3389-4967-1574-65104,hellobot_coin150,1,new,2025-03-13,2025-03-16,Full,3
GPA.3354-0336-6475-46045,hellobot_coin75_fixed,1,new,2025-03-14,2025-03-17,Full,3
GPA.3357-1358-2819-59062,hellobot_coin50,1,new,2025-03-14,2025-03-17,Full,3
GPA.3397-5201-2624-46014,hellobot_coin25,1,new,2025-03-06,2025-03-17,Full,11
GPA.3305-0949-1389-65629,hellobot_heart_200_timelimit,1,new,2025-03-17,2025-03-18,Full,1
GPA.3313-8337-0311-00872,hellobot_coin75_fixed,1,new,2025-03-17,2025-03-18,Full,1
GPA.3368-6394-8655-91859,hellobot_coin10,1,new,2025-03-15,2025-03-18,Full,3
GPA.3344-4074-5223-53682,hellobot_membership_1month_26000,1,new,2025-02-15,2025-03-19,Full,32
GPA.3380-5646-7227-64508,hellobot_heart_200_timelimit,1,new,2025-03-16,2025-03-19,Full,3
GPA.3323-3124-5631-62166,hellobot_coin10,1,new,2025-03-17,2025-03-20,Full,3
GPA.3357-3542-9667-44561,hellobot_coin50,1,new,2025-03-17,2025-03-20,Full,3
GPA.3313-3164-8304-27973,hellobot_coin10_for_first,1,new,2025-03-18,2025-03-21,Full,3
GPA.3323-6256-2698-42824,hellobot_membership_1month_26000,1,new,2025-03-21,2025-03-22,Full,1
GPA.3329-9938-6836-12416,hellobot_coin200,1,new,2025-03-21,2025-03-22,Full,1
GPA.3377-4244-8975-35217,hellobot_coin610_1,1,new,2025-03-19,2025-03-22,Full,3
GPA.3318-7498-8127-88829,hellobot_coin10,1,new,2025-03-20,2025-03-23,Full,3
GPA.3331-7998-2253-60827,hellobot_coin10,1,new,2025-03-20,2025-03-23,Full,3
GPA.3359-0902-5123-91224,hellobot_coin150,1,new,2025-03-20,2025-03-23,Full,3
GPA.3385-3378-5514-25418,hellobot_coin150,1,new,2025-03-20,2025-03-23,Full,3
GPA.3304-0516-3507-37804,hellobot_coin10,1,new,2025-03-21,2025-03-24,Full,3
GPA.3326-6896-9697-04078,hellobot_coin25,1,new,2025-03-21,2025-03-24,Full,3
GPA.3336-0167-8277-01636,hellobot_coin25,1,new,2025-03-21,2025-03-24,Full,3
GPA.3343-0131-5610-55655,hellobot_coin150,1,new,2025-03-13,2025-03-24,Full,11
GPA.3344-9226-9314-87799,hellobot_coin150,1,new,2025-03-23,2025-03-24,Full,1
GPA.3391-7125-5938-73965,hellobot_membership_1month_26000,1,new,2025-02-19,2025-03-24,Full,33
GPA.3356-5771-3520-70746,hellobot_membership_1month_26000,1,new,2025-03-22,2025-03-25,Full,3
GPA.3386-3694-7794-58720,hellobot_coin150,1,new,2025-03-24,2025-03-25,Full,1
GPA.3335-4203-6746-60506,hellobot_coin150,1,new,2025-03-23,2025-03-26,Full,3
GPA.3335-6398-8826-29444,hellobot_coin50,1,new,2025-03-23,2025-03-26,Full,3
GPA.3358-5503-8789-10595,hellobot_coin150,1,new,2025-03-23,2025-03-26,Full,3
GPA.3365-0641-6919-28353,hellobot_coin150,1,new,2025-03-23,2025-03-26,Full,3
GPA.3370-3230-8997-59668,hellobot_coin150,1,new,2025-03-23,2025-03-26,Full,3
GPA.3316-4689-8961-60563,hellobot_coin10,1,new,2025-03-24,2025-03-27,Full,3
GPA.3382-3065-7750-61813,hellobot_coin100_fixed,1,new,2025-03-24,2025-03-27,Full,3
GPA.3392-2372-9097-37520,hellobot_membership_1month_26000,1,new,2025-02-26,2025-03-27,Full,29
GPA.3321-5254-4940-81088,hellobot_coin150,1,new,2025-03-24,2025-03-28,Full,4
GPA.3329-4442-1204-66958,hellobot_membership_1month_26000,1,new,2025-02-28,2025-03-28,Full,28
GPA.3328-6600-3236-08917,hellobot_coin25,1,new,2025-03-26,2025-03-29,Full,3
GPA.3347-7954-7266-51722,hellobot_coin150,1,new,2025-03-27,2025-03-30,Full,3
GPA.3306-1307-0896-34535,hellobot_coin10,1,new,2025-03-27,2025-03-31,Full,4
GPA.3322-6608-5934-73651,hellobot_membership_1month_26000,1,new,2025-03-27,2025-03-31,Full,4
GPA.3328-8963-0549-33940,hellobot_coin25,1,new,2025-03-27,2025-03-31,Full,4
GPA.3345-2974-3748-85265,hellobot_coin10,1,new,2025-03-27,2025-03-31,Full,4
GPA.3345-5292-7101-55218,hellobot_coin10,1,new,2025-03-26,2025-03-31,Full,5
GPA.3368-9507-0139-27232,hellobot_coin10,1,new,2025-03-26,2025-03-31,Full,5
GPA.3395-2361-2508-06697,hellobot_coin200,1,new,2025-03-26,2025-03-31,Full,5
GPA.3398-1303-9128-78102,hellobot_coin150,1,new,2025-03-31,2025-03-31,Full,0
GPA.3312-2309-7300-70024,hellobot_coin150,1,new,2025-03-28,2025-04-01,Full,4
GPA.3380-9658-8119-55808,hellobot_coin50,1,new,2025-03-30,2025-04-02,Full,3
GPA.3397-5415-6290-66322,hellobot_coin50,1,new,2025-04-03,2025-04-04,Full,1
GPA.3384-8331-7824-18893,hellobot_coin50,1,new,2025-04-02,2025-04-05,Full,3
GPA.3321-8083-8221-23773,hellobot_coin100_fixed,1,new,2025-04-05,2025-04-06,Full,1
GPA.3343-0952-3225-38858,hellobot_coin100_fixed,1,new,2025-04-04,2025-04-06,Full,2
GPA.3397-5033-4116-89931,hellobot_coin150,1,new,2025-04-03,2025-04-06,Full,3
GPA.3327-4059-8264-31511,hellobot_coin200,1,new,2025-04-07,2025-04-07,Full,0
GPA.3384-7441-8833-91015,hellobot_coin25,1,new,2025-04-07,2025-04-07,Full,0
GPA.3372-3891-3105-40971,hellobot_coin75_fixed,1,new,2025-04-05,2025-04-08,Full,3
GPA.3314-2568-7258-94869,hellobot_coin100_fixed,1,new,2025-04-08,2025-04-09,Full,1
GPA.3316-6897-4545-71968,hellobot_coin75_fixed,1,new,2025-03-04,2025-04-09,Full,36
GPA.3381-2238-1110-14347,hellobot_coin50,1,new,2025-03-04,2025-04-09,Full,36
GPA.3399-8667-7789-33159,hellobot_coin10,1,new,2025-04-06,2025-04-09,Full,3
GPA.3389-8321-4945-02281,hellobot_coin150,1,new,2025-04-07,2025-04-10,Full,3
GPA.3322-6839-9585-74851,hellobot_coin150,1,new,2025-04-14,2025-04-14,Full,0
GPA.3338-0610-2539-96294,hellobot_coin100_fixed,1,new,2025-04-12,2025-04-15,Full,3
GPA.3312-6479-3579-41427,hellobot_coin200,1,new,2025-04-13,2025-04-16,Full,3
GPA.3350-5209-1196-29545,hellobot_coin10,1,new,2025-04-16,2025-04-19,Full,3
GPA.3315-3925-8399-07082,hellobot_coin25,1,new,2025-04-17,2025-04-20,Full,3
GPA.3318-2400-4366-38165,hellobot_coin150,1,new,2025-04-20,2025-04-21,Full,1
GPA.3325-9534-3712-14181,hellobot_coin150,1,new,2025-04-20,2025-04-21,Full,1
GPA.3315-2557-3152-92878,hellobot_coin10,1,new,2025-04-22,2025-04-22,Full,0
GPA.3367-8788-4345-80414,hellobot_coin150,1,new,2025-04-22,2025-04-22,Full,0
GPA.3387-4442-4695-52810,hellobot_coin10,1,new,2025-04-20,2025-04-23,Full,3
GPA.3344-6023-6887-81206,hellobot_coin150,1,new,2025-04-24,2025-04-25,Full,1
GPA.3347-0498-2766-93912,hellobot_coin150,1,new,2025-04-24,2025-04-25,Full,1
GPA.3311-0312-6171-86522,hellobot_coin200,1,new,2025-04-26,2025-04-26,Full,0
GPA.3355-9151-0943-44943,hellobot_membership_1month_26000,1,new,2025-03-25,2025-04-26,Full,32
GPA.3381-3433-2917-63995,hellobot_coin200,1,new,2025-04-26,2025-04-27,Full,1
GPA.3325-2193-8339-08166,hellobot_membership_1month_26000,1,new,2025-04-28,2025-04-29,Full,1
